id,q4.1_1,q4.1_2,q4.1_3,q4.1_4,q4.1_5,q4.1_6,q4.1_7,q4.1_8,q4.1_9,q4.1_10,q4.1_11,q4.1_12,q4.1_13,q4.1_14,q4.1_15,q4.1_16,q4.1_17,q4.1_18,q4.1_19,q4.1_20,q4.1_21,q4.1_22,q4.1_23,q4.2_1,q4.2_2,q4.2_3,q4.2_4,q4.2_5,q4.2_6,q4.2_7,q4.2_8,q4.2_9,q4.2_10,q4.2_11,q4.2_12,q4.2_13,q4.2_14,q4.2_15,q4.2_16,q4.2_17,q4.2_18,q4.2_19,q4.2_20,q4.3_1,q4.3_2,q4.3_3,q4.3_4,q4.3_5,q4.3_6,q4.3_7,q4.3_8,q4.3_9,q4.3_10,q4.3_11,q4.3_12,q4.3_13,q4.3_14,q4.3_15,q4.3_16,q4.3_17,q4.3_18,q4.3_19,q4.3_20,q4.4_1,q4.4_2,q4.4_3,q4.4_4,q4.4_5,q4.4_6,q4.4_7,q4.4_8,q4.4_9,q4.4_10,q4.4_11,q4.4_12,q4.4_13,q4.4_14,q4.4_15,q4.4_16,q4.4_17,q4.4_18,q4.4_19,q5.1_1,q5.1_2,q5.1_3,q5.1_4,q5.1_5,q5.1_6,q5.1_7,q5.1_8,q5.1_9,q5.1_10,q5.1_11,q5.1_12,q5.1_13,q5.1_14,q5.1_15,q5.1_16,q5.1_17,q5.1_18,q5.1_19,q5.1_20,q5.1_21,q5.2_1,q5.2_2,q5.2_3,q5.2_4,q5.2_5,q5.2_6,q5.2_7,q5.2_8,q5.2_9,q5.2_10,q5.2_11,q5.2_12,q5.2_13,q5.2_14,q5.2_15,q5.2_16,q5.2_17,q5.2_18,q5.2_19,q5.2_20,q5.2_21,q6.3,q6.4,q6.5,q6.6,q6.7,q7.3,q7.4,q7.5,q7.6,q7.7,q8.1_1,q8.1_2,q8.1_3,q8.1_4,q8.1_5,q8.1_6,q8.1_7,q8.1_8,q8.1_9,q8.1_10,q8.1_11,q8.1_12,q8.1_13,q8.1_14,q8.1_15,q8.1_16,q8.1_17,q8.1_18,q8.1_19,q8.1_20,q8.1_21,mcq
sf30a,3,3,4,3,2,2,3,3,3,4,2,4,2,3,4,2,2,3,3,3,3,5,2,5,4,4,4,4,4,4,4,4,4,5,5,5,4,4,5,4,5,4,5,4,5,3,5,4,5,5,4,4,5,1,5,5,3,4,2,3,2,4,4,4,4,4,4,3,3,4,3,3,5,3,3,3,3,3,3,3,3,4,4,4,3,3,4,3,4,4,4,4,3,4,3,4,3,4,3,3,4,4,3,4,4,4,4,4,3,4,4,4,3,3,4,3,3,3,4,4,4,4,4,4,2,1,2,3,2,NA,NA,NA,NA,NA,3,4,3,4,3,2,3,3,3,3,4,3,3,3,4,3,3,3,3,3,2,stats
JN59A,4,2,3,4,4,1,2,4,2,4,3,3,2,4,3,1,2,1,1,3,1,2,2,4,2,1,4,3,2,3,5,5,2,3,2,5,1,2,3,3,4,2,1,3,5,4,4,2,4,4,2,4,2,3,1,1,1,3,1,2,1,2,1,3,4,4,4,3,4,4,1,4,3,1,1,1,3,1,2,1,2,1,4,2,3,4,1,3,3,2,4,4,4,4,4,2,3,3,2,3,3,1,2,1,1,2,3,1,1,1,1,3,3,1,1,3,1,1,3,3,1,2,1,1,NA,NA,NA,NA,NA,3,1,2,NA,NA,3,3,3,3,4,2,1,2,3,2,4,2,3,1,2,2,4,2,2,1,1,maths
LJ45I,5,4,1,3,3,2,4,5,2,5,4,4,4,3,5,2,2,4,1,3,3,4,1,4,4,1,4,4,3,3,5,5,4,4,4,5,1,5,2,3,4,4,1,3,4,4,4,4,5,5,5,5,5,1,2,1,1,2,2,1,4,4,3,3,4,4,5,4,5,5,4,5,4,3,3,2,3,2,3,4,3,3,2,2,4,4,2,1,1,3,4,4,3,1,4,3,2,4,3,3,3,2,4,2,1,4,3,2,1,1,1,4,3,2,1,4,1,1,3,3,1,1,1,3,NA,NA,NA,NA,NA,4,1,2,3,2,1,1,4,4,3,1,1,1,4,4,3,1,3,1,1,2,4,2,3,2,3,maths
QW74A,3,4,3,4,4,3,4,5,1,3,3,3,3,4,5,3,1,3,2,5,4,3,1,3,3,3,4,1,3,2,2,2,1,2,2,3,2,2,2,4,2,2,2,3,3,3,4,2,2,2,4,2,3,1,1,1,2,2,2,2,4,2,2,5,4,5,5,3,3,4,3,3,4,5,4,4,5,2,2,4,2,2,1,2,4,2,2,2,2,1,2,2,2,1,3,1,1,2,2,2,2,1,1,2,2,2,2,2,2,1,1,2,2,2,1,1,2,1,2,2,1,2,1,1,1,1,2,3,1,NA,NA,NA,NA,NA,1,2,2,2,2,2,1,1,2,1,2,2,1,1,1,2,1,1,1,1,1,stats
bq91i,4,3,4,4,4,2,4,4,4,5,3,4,4,3,5,4,2,3,5,3,4,3,4,4,2,5,5,4,3,5,5,5,2,5,5,5,4,4,4,4,4,4,4,5,5,5,5,4,5,5,5,5,5,3,2,2,2,3,2,4,4,3,4,4,5,5,5,5,5,5,5,5,5,4,4,4,3,1,2,4,4,3,4,4,3,4,3,2,4,4,4,4,3,2,4,2,1,4,4,2,4,3,1,2,4,2,3,2,1,3,4,2,3,1,2,3,3,1,3,4,1,3,1,1,2,1,4,3,4,NA,NA,NA,NA,NA,3,3,3,3,3,1,3,3,2,4,3,2,2,3,3,2,4,1,3,1,1,stats
3866i,5,3,3,5,4,3,4,5,4,5,3,4,4,4,5,2,3,4,2,4,5,4,2,4,3,2,4,3,3,3,4,5,1,4,2,5,1,3,2,3,3,4,2,4,4,5,5,4,5,5,3,4,4,1,2,1,1,2,1,2,2,2,2,5,5,5,5,5,5,5,4,5,5,5,5,5,5,1,2,4,3,5,3,2,4,4,4,2,1,1,4,4,3,2,4,1,3,3,4,2,4,4,3,1,1,3,4,3,1,1,1,4,3,3,1,4,1,1,2,4,2,4,2,1,1,4,4,3,4,NA,NA,NA,NA,NA,2,1,2,3,3,1,1,1,3,3,4,1,3,1,1,3,3,1,3,2,1,stats
TG71E,3,2,4,3,1,2,5,3,1,3,4,1,4,4,4,3,2,3,4,3,5,4,2,2,4,1,1,1,3,3,2,2,3,4,3,2,2,3,4,2,3,3,2,1,1,3,2,1,1,1,2,4,4,1,1,1,1,1,1,1,1,2,1,4,5,5,4,4,4,4,4,5,5,5,5,5,5,1,3,4,3,5,1,1,1,1,1,1,2,1,1,1,3,1,1,1,1,3,1,1,1,1,1,1,1,1,1,1,1,1,1,1,1,1,1,1,1,1,3,1,1,1,1,1,4,1,4,4,2,NA,NA,NA,NA,NA,3,3,1,1,3,1,1,1,1,1,2,1,1,1,1,1,1,1,1,1,1,stats
QP34M,4,4,4,4,4,4,4,4,5,4,4,4,4,5,4,4,4,4,4,4,4,4,4,5,4,4,5,4,4,5,5,4,5,4,5,5,4,4,5,4,5,4,5,5,5,5,5,5,4,5,5,5,5,4,4,5,4,5,4,4,5,4,4,5,4,5,5,5,4,5,4,4,5,5,5,5,5,4,4,4,4,4,3,1,3,3,2,2,1,2,2,3,3,1,2,1,1,3,2,2,3,2,2,1,1,2,3,2,1,1,1,2,3,3,1,2,1,1,2,3,1,3,2,1,NA,NA,NA,NA,NA,1,1,2,3,1,3,1,2,3,3,1,1,1,2,3,3,1,3,1,1,3,3,2,3,2,1,maths
HJ27I,3,2,3,4,2,1,2,5,2,5,3,2,2,3,5,2,1,3,2,1,3,5,2,3,2,2,3,2,2,3,4,4,1,3,3,5,2,4,3,3,4,5,2,3,2,4,5,3,4,5,4,5,5,1,2,1,1,3,1,3,4,2,2,3,4,3,5,4,5,5,4,4,5,5,1,4,2,1,2,3,2,2,3,2,3,3,3,1,2,2,4,4,3,2,4,2,2,4,3,1,3,3,2,1,2,3,3,2,1,1,1,4,4,3,1,4,3,2,3,3,1,3,1,1,NA,NA,NA,NA,NA,3,1,3,2,1,1,2,2,2,1,1,1,1,1,2,3,1,1,2,1,1,3,1,2,1,2,maths
HA61O,5,4,5,5,5,3,5,5,4,5,5,5,5,5,5,4,4,4,5,5,5,5,5,5,5,5,5,5,4,5,5,5,3,4,5,5,5,5,5,4,5,5,5,5,5,5,5,5,5,5,5,5,5,1,5,5,5,5,1,5,5,5,5,5,5,5,5,5,5,5,5,5,5,5,5,5,5,2,4,5,4,4,3,4,4,4,4,3,4,4,4,4,4,3,4,4,4,4,4,3,4,4,4,3,3,3,4,3,2,4,3,3,4,4,3,4,3,4,3,4,4,3,3,3,NA,NA,NA,NA,NA,1,1,2,1,3,3,3,3,3,3,2,3,3,3,3,4,4,3,3,4,2,3,4,3,4,3,maths
bx45d,4,1,3,2,3,1,1,5,2,4,1,2,3,2,4,3,1,1,2,1,1,3,2,4,1,3,2,2,2,3,5,4,1,4,2,5,2,1,2,2,3,3,2,2,4,2,4,2,3,3,3,4,3,1,1,1,1,2,1,2,1,1,2,4,4,4,5,5,4,5,3,4,5,2,1,1,1,2,1,1,2,2,3,2,2,4,3,2,2,3,3,4,4,3,4,2,3,4,4,3,4,3,1,2,2,1,3,1,1,1,3,1,2,2,1,2,2,1,4,1,2,2,1,1,4,2,4,2,NA,NA,NA,NA,NA,NA,3,2,1,3,3,1,1,1,2,3,3,1,2,1,1,4,2,2,2,1,1,stats
TS78U,5,3,5,3,3,4,4,5,1,5,2,3,5,3,5,5,2,4,4,3,3,2,3,4,3,5,3,2,4,5,5,5,1,5,4,5,5,4,5,4,4,2,4,4,5,5,5,5,5,5,4,5,5,1,1,2,3,2,3,4,3,5,3,4,5,5,5,5,5,5,4,5,5,4,4,3,4,3,5,3,5,4,3,4,4,4,4,2,1,2,3,4,4,3,3,3,1,3,4,1,4,3,2,3,3,4,4,2,1,1,1,3,4,4,1,3,2,1,2,4,1,4,1,1,NA,NA,NA,NA,NA,1,2,4,2,2,2,4,3,2,3,1,1,1,3,4,4,1,2,3,1,1,4,1,2,1,1,maths
GL77O,5,5,3,5,4,5,5,5,4,5,5,5,5,3,5,3,5,3,4,5,5,5,5,5,5,4,5,5,4,5,5,5,5,5,5,5,4,5,5,5,5,5,5,5,5,4,5,5,5,5,3,4,5,4,3,4,4,4,4,5,4,4,5,5,5,5,5,5,5,5,4,5,5,5,5,5,5,4,3,5,4,5,4,4,4,4,4,4,4,4,4,4,4,4,4,3,4,3,4,4,4,4,4,4,4,4,4,4,3,4,2,4,4,4,3,4,3,3,4,4,2,4,2,2,NA,NA,NA,NA,NA,3,NA,NA,NA,NA,4,3,4,4,4,3,4,3,4,4,4,3,4,2,3,4,4,3,4,3,2,maths
AJ82E,5,2,4,5,2,5,5,5,1,5,4,2,3,5,5,2,1,1,1,2,5,2,1,5,2,1,4,1,4,5,5,5,1,2,3,5,2,1,1,4,3,1,1,5,5,5,5,5,5,5,5,4,4,1,2,3,4,4,1,1,3,5,1,5,5,5,5,5,5,5,5,4,5,5,5,5,5,1,5,4,5,1,3,1,1,1,1,3,1,1,2,2,4,1,1,1,1,1,4,1,1,3,1,2,1,2,1,1,1,1,1,4,1,4,1,4,1,2,1,1,1,1,1,1,4,1,4,3,NA,NA,NA,NA,NA,NA,3,1,4,1,1,1,1,1,4,4,4,1,1,1,2,2,2,2,3,1,1,stats
4186Z,5,5,5,5,3,3,5,5,2,5,5,5,5,5,5,5,2,4,4,4,5,3,5,4,4,5,5,4,2,4,5,5,1,5,4,5,5,3,5,3,4,3,5,4,4,5,5,5,5,5,5,5,5,2,4,4,4,4,1,3,4,4,4,4,5,5,5,5,5,5,5,5,5,5,5,5,5,3,5,4,5,5,3,4,4,4,4,3,2,4,3,4,4,4,4,3,3,4,4,3,4,4,3,1,1,2,4,4,3,1,4,4,4,2,1,4,1,1,3,4,1,3,1,4,NA,NA,NA,NA,NA,1,2,3,3,1,4,4,4,4,4,4,4,4,4,4,4,4,4,4,4,4,4,4,4,4,4,maths
PN29H,4,5,3,4,4,4,4,5,4,5,4,3,3,4,5,2,3,3,2,4,5,5,2,4,4,2,5,4,4,4,5,5,2,4,4,5,2,3,2,4,5,5,2,4,3,4,5,4,4,5,5,5,5,2,2,3,2,2,2,3,5,3,3,4,4,5,5,5,5,5,5,5,5,5,5,5,5,3,4,5,4,4,2,3,2,2,2,2,3,1,2,4,2,1,3,1,1,3,3,1,4,3,1,1,3,1,2,1,1,3,1,1,3,1,1,1,1,1,2,2,1,3,1,1,4,1,2,3,4,NA,NA,NA,NA,NA,3,2,3,4,1,2,3,1,3,4,3,2,4,1,1,2,4,1,4,3,2,stats
sg61n,4,4,3,5,4,3,5,3,2,3,4,3,2,5,3,4,2,2,4,3,4,2,4,3,3,2,3,2,3,2,3,3,1,3,2,3,3,3,4,3,3,2,3,2,3,3,5,3,2,3,4,2,4,2,1,1,1,2,1,2,3,3,3,4,4,4,5,4,4,4,4,4,5,5,4,3,3,1,4,5,4,3,2,4,4,3,3,3,3,2,4,4,4,2,4,2,1,2,4,2,4,3,3,1,3,4,3,3,1,3,1,4,4,3,2,4,1,1,3,4,1,4,1,2,1,1,4,2,NA,NA,NA,NA,NA,NA,3,2,3,2,3,3,3,3,3,3,3,2,3,3,2,3,2,2,2,2,2,stats
BR28,4,4,1,3,3,3,4,4,4,4,2,3,3,2,4,1,3,4,2,4,4,4,1,4,3,1,2,3,3,4,4,4,2,3,1,4,1,4,1,3,1,3,1,4,5,3,5,4,4,4,3,4,4,2,5,1,1,1,1,2,2,2,1,5,5,4,5,4,4,4,4,5,4,4,4,5,4,2,3,4,4,2,2,2,4,4,4,1,2,3,4,4,4,2,4,2,2,2,4,2,4,3,2,1,1,4,4,4,1,1,1,4,4,4,1,4,1,1,4,4,1,4,1,1,4,1,4,2,4,NA,NA,NA,NA,NA,1,1,1,3,3,1,1,1,2,2,4,1,2,1,1,3,3,1,2,1,1,stats
sx41a,1,3,2,1,1,2,3,2,1,2,2,2,2,3,1,2,1,1,2,2,1,2,1,1,2,2,1,1,2,2,1,2,1,1,1,1,2,1,2,2,1,1,1,2,2,1,2,1,2,2,2,3,2,1,1,1,1,2,1,1,1,1,1,2,2,2,2,1,2,2,1,3,2,1,1,1,1,1,1,1,1,1,2,1,3,1,2,1,1,1,1,2,1,2,1,1,1,2,2,2,2,1,1,1,1,4,1,2,1,1,1,1,2,1,1,1,1,1,2,1,1,1,1,1,NA,NA,NA,NA,NA,3,1,1,1,2,1,1,3,1,2,1,1,1,1,2,1,1,1,1,1,1,2,1,2,1,1,maths
2tx,3,3,5,3,4,3,5,5,1,5,3,3,2,2,5,4,1,2,3,1,4,3,4,3,1,4,2,1,1,3,4,5,1,3,1,4,4,1,4,1,4,2,3,4,3,5,4,4,5,5,3,4,5,1,2,1,1,2,1,1,1,1,1,3,5,5,5,4,4,5,5,4,5,4,2,2,2,1,1,3,2,1,3,3,4,4,4,1,1,3,3,4,4,2,4,3,3,4,4,2,4,4,3,2,2,3,4,3,1,1,1,4,3,3,1,1,1,1,4,4,1,4,1,1,4,3,4,NA,NA,NA,NA,NA,NA,NA,2,4,1,2,1,1,1,1,1,2,4,3,4,3,2,1,3,1,2,3,3,stats
HG99A,5,5,3,5,5,5,5,5,1,5,3,5,5,4,5,4,1,5,4,5,2,5,2,4,5,4,5,2,5,4,5,5,5,4,4,5,4,5,4,5,2,5,2,4,5,5,5,5,5,5,5,5,5,1,2,1,3,2,1,3,2,2,3,5,5,5,5,5,5,5,5,5,5,5,5,5,5,1,3,2,2,2,1,1,2,4,1,3,3,2,4,4,3,1,4,2,2,1,4,2,4,1,1,1,1,2,4,1,3,3,1,4,4,4,1,4,1,3,1,4,3,4,1,1,3,1,1,NA,NA,NA,NA,NA,NA,NA,3,3,2,4,4,4,3,3,4,4,4,3,4,2,3,1,4,4,4,1,1,stats
RP58I,3,3,4,4,3,2,3,4,2,5,3,4,3,3,5,5,2,3,4,4,5,5,4,3,3,3,3,3,3,2,3,4,2,3,2,5,3,3,4,3,3,5,3,3,5,4,5,3,4,4,5,5,5,1,1,1,1,2,1,1,3,2,2,3,5,4,5,4,3,4,5,4,5,3,1,2,2,2,3,3,2,3,3,3,2,4,3,3,3,3,2,4,4,2,2,3,3,3,4,2,2,1,2,2,2,3,3,3,2,3,2,2,3,4,3,2,3,3,2,3,2,4,2,2,NA,NA,NA,NA,NA,1,1,2,3,1,3,4,3,2,4,2,2,3,2,3,4,2,3,2,3,1,3,3,3,2,3,maths
NW97O,3,2,4,3,2,2,2,4,3,4,3,3,5,3,4,2,1,1,3,4,3,2,2,5,4,5,4,2,3,3,5,5,4,5,3,5,2,3,3,3,5,5,2,4,5,4,4,3,4,4,3,5,5,2,2,1,2,2,3,2,4,2,2,3,5,4,5,4,4,5,4,4,5,5,5,4,5,3,3,4,2,4,2,2,1,4,3,2,2,1,4,4,4,2,3,1,2,4,4,1,3,3,4,1,2,1,3,1,1,2,1,4,1,4,1,3,1,1,4,2,1,1,2,4,4,2,1,4,2,NA,NA,NA,NA,NA,1,1,1,3,1,1,3,1,2,3,4,1,3,2,1,3,4,1,2,1,4,stats
FT96E,2,3,5,4,2,2,5,5,2,5,3,2,4,4,5,4,3,2,5,3,4,4,4,4,2,5,4,3,2,2,5,5,3,4,2,4,5,2,5,4,4,4,5,4,4,5,5,3,5,5,5,5,4,1,2,1,2,2,2,2,4,3,3,4,4,4,5,2,5,4,4,2,2,1,2,1,2,2,2,2,2,2,3,1,3,3,3,1,3,2,1,4,4,1,2,2,1,2,2,2,3,2,2,3,1,1,3,2,1,1,1,2,3,4,1,3,2,1,2,2,2,3,2,2,NA,NA,NA,NA,NA,3,1,2,3,1,1,1,1,1,1,1,1,1,1,1,1,2,1,1,1,1,1,1,1,2,2,maths
AJ31M,2,3,3,3,3,4,5,4,4,4,3,4,4,4,3,3,4,5,3,4,2,4,3,3,4,3,2,3,4,3,4,4,3,4,3,4,3,5,4,4,4,4,3,4,5,3,5,2,2,3,3,4,5,2,3,2,2,2,2,4,3,4,2,3,5,4,5,3,4,4,2,3,5,4,3,3,4,1,3,4,5,2,2,2,2,3,2,2,2,2,2,3,2,2,3,2,2,3,2,2,2,2,2,2,2,2,3,2,2,2,2,3,3,3,2,3,2,2,2,2,2,2,2,2,3,1,4,4,4,NA,NA,NA,NA,NA,3,3,2,2,2,2,3,2,2,2,2,3,2,3,2,2,2,3,2,3,3,stats
FF90I,5,2,4,3,3,3,3,5,4,4,2,1,4,2,5,2,4,4,2,4,5,5,2,2,3,2,2,2,4,2,4,4,1,4,4,4,2,3,2,4,3,5,2,2,3,4,4,4,4,4,4,5,3,1,2,2,1,2,1,2,2,2,1,3,4,4,5,4,5,5,5,5,4,5,4,4,4,1,2,4,2,3,2,4,3,4,4,1,2,2,3,4,4,1,2,2,2,3,4,3,4,2,2,2,1,3,4,4,1,2,2,3,4,4,1,3,2,1,4,4,2,3,2,2,4,2,1,4,1,NA,NA,NA,NA,NA,2,3,4,4,4,1,2,1,3,4,4,3,2,2,1,4,4,2,4,2,3,stats
DG53A,4,3,4,5,4,3,4,4,3,5,3,4,4,4,5,4,3,4,5,4,3,3,4,4,3,4,4,4,4,4,3,4,2,4,4,4,4,5,4,5,4,4,4,4,4,3,5,4,4,4,4,4,5,1,3,2,2,3,1,3,3,4,2,4,4,5,5,3,5,5,5,5,5,5,2,2,3,1,2,5,4,2,3,3,3,3,2,2,4,3,4,4,4,2,4,2,2,2,4,2,4,2,2,3,4,4,3,3,2,4,2,4,4,4,2,4,2,2,2,4,2,4,2,2,NA,NA,NA,NA,NA,3,4,1,2,2,3,3,3,2,2,2,3,4,2,2,2,2,2,3,3,2,2,3,2,2,2,maths
2553i,4,1,1,2,2,2,3,4,1,3,4,4,4,3,5,1,3,4,2,2,3,4,2,3,1,1,3,2,2,3,4,3,3,4,2,4,1,4,2,1,3,4,2,3,4,4,4,3,4,5,3,5,5,1,1,2,2,1,2,1,3,2,2,3,3,3,3,3,4,5,4,5,4,4,4,4,4,1,2,2,2,2,2,2,3,3,3,1,2,1,3,1,1,2,3,1,1,1,4,2,1,4,3,1,3,1,2,2,1,2,1,3,2,1,1,1,1,1,2,3,1,1,1,1,NA,NA,NA,NA,NA,3,1,2,2,1,2,2,1,2,2,1,1,2,2,2,1,2,1,1,1,1,3,3,1,1,2,maths
PB05O,3,3,1,3,3,3,3,4,1,4,3,3,3,2,4,1,2,2,1,3,3,4,1,3,3,1,3,3,3,4,4,4,2,4,3,4,1,2,1,3,3,4,1,2,3,3,4,3,4,4,2,4,4,1,1,1,1,2,1,1,2,1,2,2,3,4,4,3,4,4,2,4,4,3,2,2,2,1,2,3,2,2,2,1,2,2,1,1,1,1,2,3,2,2,2,1,2,2,2,1,1,2,3,1,1,1,1,1,1,1,1,2,3,2,2,2,1,2,2,2,1,2,2,3,4,2,2,3,1,NA,NA,NA,NA,NA,1,1,1,1,1,1,1,1,2,2,2,2,2,1,2,2,2,1,2,2,3,stats
AJ69A,3,2,5,3,4,2,2,4,1,5,1,4,4,3,4,4,1,3,3,4,2,5,2,1,1,4,1,1,1,2,5,5,1,3,1,5,4,1,1,1,2,4,2,3,4,4,5,4,5,5,2,5,5,1,2,1,1,1,1,2,1,1,2,3,4,4,5,4,5,5,1,4,5,2,1,1,1,1,2,1,2,2,2,1,2,1,1,1,1,2,2,2,1,1,2,1,1,2,1,1,3,2,3,1,1,3,1,1,1,1,1,3,4,1,1,3,1,1,3,4,1,1,1,1,4,1,NA,NA,2,NA,NA,NA,NA,NA,1,1,2,1,1,1,1,1,2,3,3,1,2,1,1,2,3,1,1,1,1,stats
LT10H,4,4,3,2,2,3,2,4,1,5,4,4,5,3,5,2,2,5,4,3,3,4,4,4,5,4,2,4,5,5,5,5,1,5,3,4,3,4,3,4,2,5,3,2,4,3,5,4,4,5,5,4,3,1,1,1,1,1,1,3,2,3,1,4,4,5,5,2,4,5,5,3,5,3,4,4,4,1,3,4,4,2,4,3,4,4,4,2,1,4,3,4,1,2,2,3,4,3,3,2,4,4,4,2,3,2,3,4,1,3,1,1,4,1,2,1,1,1,4,3,1,3,1,2,4,2,1,3,2,NA,NA,NA,NA,NA,2,2,3,2,1,1,2,1,1,2,4,2,2,2,1,3,3,2,1,2,4,stats
AA09U,2,2,2,4,4,2,2,4,2,3,3,2,4,4,3,2,2,1,4,3,2,2,2,2,4,2,4,4,3,3,4,4,1,3,4,4,2,1,3,3,2,2,2,2,4,3,5,2,3,4,2,4,4,1,3,2,2,2,1,1,2,1,1,2,3,4,5,2,4,3,2,5,4,4,4,4,3,1,1,2,3,1,3,4,2,3,4,2,1,2,2,4,2,3,3,1,3,4,4,2,1,2,2,1,2,1,2,1,1,1,1,1,3,2,1,1,1,1,3,3,1,1,1,1,NA,NA,NA,NA,NA,3,1,3,2,4,1,3,3,2,2,1,1,1,1,4,3,1,2,1,1,3,3,1,1,1,2,maths
Uj02r,1,1,1,1,2,1,3,2,1,2,1,1,2,2,3,1,1,1,1,1,1,2,1,2,1,1,1,3,1,1,3,2,1,3,1,2,1,1,1,1,1,2,1,2,3,2,4,2,3,5,1,2,2,1,1,1,1,1,1,2,1,1,1,2,3,2,3,2,3,5,1,1,2,2,1,1,1,1,1,1,1,1,3,1,1,3,2,1,1,1,1,3,1,2,1,1,1,3,2,2,3,1,1,1,1,1,3,1,1,2,1,1,2,1,1,1,1,3,2,2,1,2,1,1,4,1,4,2,NA,NA,NA,NA,NA,NA,2,1,1,2,2,1,1,1,1,1,2,1,1,1,2,2,2,1,1,1,1,stats
20845,5,3,4,5,3,3,3,5,3,5,3,3,3,3,5,4,3,3,3,3,4,2,4,4,3,3,5,3,2,3,5,5,1,2,3,5,4,4,4,2,4,2,4,4,5,5,5,5,5,4,5,5,5,1,3,1,1,1,1,2,3,5,1,3,5,5,5,5,5,5,5,5,5,4,4,3,3,3,5,3,4,5,4,4,4,2,2,4,4,3,4,4,4,2,4,4,4,2,4,4,4,2,2,3,4,2,4,2,4,4,2,2,4,4,1,4,4,2,4,4,2,4,2,1,NA,NA,NA,NA,NA,1,2,1,3,2,4,4,4,4,4,4,4,4,4,4,4,3,4,4,3,4,4,4,4,1,3,maths
XJ12A,4,5,2,5,4,5,4,5,4,5,4,2,5,2,5,2,3,2,5,4,5,5,1,3,5,3,5,4,3,4,5,5,1,4,3,5,3,2,4,4,4,5,1,4,5,4,5,3,5,5,5,5,5,2,3,2,2,3,1,1,4,3,2,4,5,4,5,3,5,5,5,5,5,4,3,4,3,1,2,4,2,5,4,3,3,4,1,2,2,4,2,4,3,4,4,2,2,4,4,4,3,2,4,1,2,1,4,1,1,1,3,1,4,2,1,1,1,1,3,4,1,2,1,1,NA,NA,NA,NA,NA,1,1,1,2,2,4,3,3,4,1,1,1,4,1,4,4,3,4,1,3,2,4,2,2,3,4,maths
BB34A,4,4,2,3,3,4,3,5,4,4,3,3,4,3,5,4,3,2,3,3,2,4,3,4,4,2,3,3,3,4,5,5,1,4,3,5,3,2,3,4,1,4,3,4,4,4,5,3,4,5,3,5,5,1,2,2,2,2,1,3,2,3,2,4,5,4,5,4,4,5,3,4,5,4,3,3,5,1,2,1,3,3,4,2,3,4,3,2,2,3,4,4,3,3,4,2,3,4,3,4,2,3,2,2,1,1,3,1,1,1,3,4,3,1,1,3,1,1,4,2,2,1,2,2,NA,NA,NA,NA,NA,3,1,1,3,1,3,1,3,4,4,1,2,3,4,1,1,2,4,1,2,2,1,3,1,3,4,maths
2133wi,4,4,3,5,4,5,5,5,3,5,3,4,5,4,5,3,4,4,5,4,5,4,5,5,5,4,5,5,5,4,5,5,4,5,5,5,4,5,5,5,5,5,5,3,5,5,4,3,5,5,5,5,4,1,5,2,5,4,1,3,5,5,2,3,4,4,4,5,3,5,5,5,4,5,4,4,4,1,4,4,3,5,4,3,4,4,4,3,3,4,4,4,1,3,4,4,4,3,4,3,4,4,4,1,3,4,4,3,1,4,1,3,4,1,1,4,1,1,4,2,1,3,1,1,NA,NA,NA,NA,NA,3,4,2,3,1,3,3,3,3,1,3,3,2,3,3,3,3,3,3,1,2,2,3,2,3,3,maths
BL80S,4,3,3,3,4,3,3,4,2,5,3,3,5,1,4,3,5,3,3,3,5,2,3,4,3,3,3,4,4,4,4,5,1,5,4,4,3,3,3,3,5,2,3,3,4,4,4,4,4,5,4,4,4,1,1,1,1,1,2,4,5,3,3,3,4,3,4,3,4,5,4,5,4,4,4,4,4,2,4,5,3,3,3,4,4,4,3,2,4,2,4,4,3,2,4,2,3,3,3,2,4,2,1,3,4,4,4,3,2,4,2,4,4,3,2,4,2,3,3,3,2,4,2,1,2,1,4,2,3,NA,NA,NA,NA,NA,2,2,4,4,3,2,3,2,4,4,4,2,4,2,2,3,4,2,4,2,1,stats
HH96I,3,5,3,4,5,2,5,4,1,4,4,5,4,4,4,3,4,4,4,4,4,4,4,3,5,4,2,4,4,2,3,3,3,4,4,4,4,3,4,5,3,4,5,2,3,4,2,2,3,4,4,3,4,1,1,1,2,2,1,1,3,2,3,2,3,4,3,2,3,3,4,5,4,4,5,4,3,2,3,3,3,3,3,2,3,2,2,1,1,3,3,2,3,3,2,1,1,2,2,2,1,3,3,2,2,2,1,2,1,1,2,3,2,2,2,2,1,1,2,2,2,2,2,2,4,3,4,4,2,NA,NA,NA,NA,NA,2,2,2,1,1,1,1,2,3,2,2,2,2,1,1,2,1,2,1,2,1,stats
DQ21A,3,2,2,2,3,1,4,3,1,2,2,2,3,3,4,3,1,2,3,3,1,4,3,2,4,2,2,2,1,3,3,3,1,2,3,4,2,2,3,3,2,3,3,2,4,2,4,3,4,4,1,4,3,1,1,2,2,2,1,2,1,2,2,3,4,3,4,3,3,4,1,4,3,2,2,2,2,1,1,1,2,2,2,3,2,2,2,2,2,2,2,3,3,1,3,2,2,4,4,2,2,1,3,2,3,2,3,2,2,2,2,2,3,3,2,2,2,2,4,4,2,3,1,3,NA,NA,NA,NA,NA,3,1,2,3,1,2,1,1,1,2,1,1,1,1,3,3,1,1,1,1,3,3,2,3,1,2,maths
TD17I,4,4,3,4,4,2,5,5,2,4,3,4,4,4,4,3,2,4,3,4,3,3,2,5,4,3,5,5,3,4,5,5,2,4,4,4,3,4,3,3,3,4,3,4,5,4,5,4,5,5,4,4,5,3,4,5,4,5,2,3,4,3,3,4,5,5,5,4,5,5,4,4,5,5,5,5,5,3,4,4,4,4,2,2,2,3,2,2,1,1,3,2,4,2,2,1,2,3,2,2,2,3,3,1,1,2,1,2,1,1,1,1,1,3,4,1,1,2,2,1,2,1,2,2,4,1,4,3,4,NA,NA,NA,NA,NA,1,1,1,1,1,1,1,1,1,1,3,3,1,1,1,1,1,1,1,2,2,stats
TE62O,3,1,5,4,1,1,4,5,1,4,1,1,4,2,4,4,1,1,4,1,3,4,3,2,1,4,4,1,1,2,3,4,1,4,1,4,4,1,3,1,3,4,3,3,5,2,5,4,4,5,4,4,2,1,1,1,1,1,1,1,3,1,1,3,5,3,5,3,4,4,2,5,2,1,1,1,1,1,1,3,1,1,1,1,2,4,2,1,1,1,3,2,1,3,3,1,1,1,3,1,2,3,1,2,1,2,4,2,1,1,1,4,2,1,1,4,1,1,1,2,1,1,3,1,4,1,NA,NA,NA,NA,NA,NA,NA,NA,1,1,1,1,3,1,1,1,3,3,4,1,4,1,1,1,3,1,1,1,1,stats
EU92A,5,5,5,3,4,5,4,5,4,5,4,4,5,3,5,5,3,3,4,5,3,5,1,4,5,5,3,5,5,5,5,4,4,5,4,5,5,4,5,4,3,4,2,1,5,5,5,4,5,5,4,4,5,1,3,1,2,1,1,2,3,1,3,4,5,5,5,5,5,5,3,4,5,4,4,4,4,1,1,3,1,3,4,2,4,4,4,3,3,3,4,4,4,3,4,2,3,4,4,2,4,2,2,1,1,3,4,3,1,1,1,4,4,4,1,2,1,1,4,4,1,3,2,1,NA,NA,NA,NA,NA,1,1,1,3,1,4,1,2,4,2,3,3,3,4,4,4,1,4,2,1,4,4,4,2,4,1,maths
AB69M,5,4,2,5,4,4,4,5,1,4,3,3,3,4,4,2,3,5,2,5,1,3,2,4,4,2,3,4,4,3,4,3,4,3,3,3,2,4,2,4,1,4,2,3,4,4,4,3,3,3,2,5,4,1,2,2,4,2,1,4,1,4,3,4,5,4,5,4,4,4,2,4,5,5,5,5,5,2,4,1,4,3,3,1,2,2,2,1,2,1,1,2,1,1,2,1,1,1,4,2,2,1,1,1,1,1,1,1,1,1,1,1,1,1,1,1,1,1,1,1,1,1,1,1,4,2,2,NA,NA,NA,NA,NA,NA,NA,3,1,1,1,1,1,1,1,1,1,4,1,1,1,1,1,1,2,1,1,1,stats
BW07E,3,3,1,4,3,2,4,4,2,4,3,4,3,2,3,1,1,1,1,3,3,3,1,4,4,1,5,3,1,4,4,4,1,3,3,3,1,1,1,4,3,3,1,3,5,4,4,2,3,3,4,4,5,1,1,1,1,2,1,3,3,1,2,3,4,4,5,2,2,4,4,5,5,3,2,2,2,1,1,3,1,3,2,1,1,3,1,1,1,1,2,2,2,1,2,1,1,2,2,1,2,1,1,1,1,1,2,1,1,1,1,1,2,2,1,2,1,1,2,1,1,2,1,1,2,2,4,2,4,NA,NA,NA,NA,NA,1,1,1,1,1,1,1,1,1,1,1,1,1,1,1,1,2,1,1,1,1,stats
21211,5,2,3,4,3,3,3,5,1,5,2,4,2,4,5,2,1,1,2,3,4,4,1,2,1,2,3,2,1,3,4,3,1,2,3,5,2,1,2,2,1,3,1,2,5,4,5,3,4,5,2,3,3,1,1,1,2,1,1,1,1,1,2,4,5,5,5,3,5,5,1,4,2,5,5,5,5,1,1,2,1,2,3,1,1,3,1,2,1,2,3,4,4,2,2,1,1,2,4,2,4,3,2,2,1,1,2,1,1,1,1,1,3,3,1,1,1,1,2,4,2,3,2,1,4,1,1,4,4,NA,NA,NA,NA,NA,4,4,3,3,3,2,1,2,1,4,4,1,1,1,1,1,3,3,4,4,2,stats
rw15a,5,3,2,4,5,3,3,5,2,5,3,2,4,4,5,2,2,3,2,3,4,2,2,3,2,2,2,2,3,2,4,4,2,3,2,4,2,2,2,2,2,2,2,3,3,4,4,3,4,4,4,3,4,1,2,2,2,2,1,2,2,2,2,4,5,5,5,3,5,5,4,4,5,4,4,4,5,1,3,3,4,3,3,4,2,3,2,1,2,2,2,2,4,2,3,2,2,2,4,2,2,2,2,1,4,2,2,1,1,2,1,1,1,1,1,1,1,1,1,2,1,1,2,1,2,2,1,3,2,NA,NA,NA,NA,NA,3,4,2,2,1,2,2,1,1,2,3,1,2,1,2,1,1,3,1,2,1,stats
SR32L,5,4,3,5,2,2,3,5,4,5,5,4,5,4,5,3,2,3,4,5,5,5,5,5,4,4,5,4,4,5,5,5,3,5,4,5,2,3,4,5,4,4,4,5,5,4,5,5,5,5,5,5,4,1,5,5,5,5,2,4,5,4,4,5,5,4,5,5,5,5,5,5,3,5,5,5,4,2,4,5,4,5,4,3,4,4,4,2,2,1,4,4,2,4,4,1,4,4,4,4,4,4,4,3,1,4,4,2,1,1,1,4,4,2,3,4,1,2,4,4,2,4,4,3,NA,NA,NA,NA,NA,1,2,3,3,1,4,4,2,1,4,1,1,3,3,4,2,1,1,1,1,4,4,4,4,4,4,maths
ED18M,3,1,1,3,2,1,2,5,1,5,1,1,2,1,5,1,1,1,3,1,1,1,1,3,1,1,2,1,2,1,5,5,1,2,1,5,1,1,3,2,1,1,1,2,3,2,4,4,4,5,1,4,3,1,1,1,1,1,1,1,1,1,1,2,3,3,5,4,5,5,1,4,3,1,1,1,1,1,1,1,1,1,2,3,4,4,4,2,3,2,3,4,3,2,4,3,1,2,3,2,4,3,2,1,1,2,1,1,1,1,1,1,2,1,1,3,1,1,3,2,1,3,1,1,4,1,4,3,NA,NA,NA,NA,NA,NA,1,2,3,1,1,1,1,1,1,3,4,1,1,2,1,1,3,1,3,1,1,stats
tg45a,2,1,4,2,1,2,2,4,1,5,1,1,1,2,4,3,1,1,3,2,1,2,2,2,2,3,1,2,1,1,4,4,1,2,1,3,3,1,3,2,1,1,2,2,2,2,4,2,4,3,2,3,2,1,1,1,1,1,1,1,1,1,1,2,2,2,4,3,5,5,3,4,3,1,1,1,2,1,1,1,1,1,3,1,1,2,1,2,1,2,1,1,3,2,2,1,1,1,2,1,2,2,2,1,1,1,1,1,1,1,1,1,1,1,1,1,1,1,1,1,1,1,1,1,NA,NA,NA,NA,NA,3,1,4,1,NA,1,1,1,1,1,1,1,1,1,1,1,1,1,1,1,1,1,1,1,1,1,maths
dq91y,3,2,5,4,3,2,4,5,3,4,3,2,3,3,5,5,2,5,3,2,1,4,3,3,2,5,2,3,1,4,3,2,1,2,2,3,5,5,4,2,1,2,4,3,3,2,4,3,4,5,2,2,4,3,3,3,2,4,1,2,1,4,2,3,5,4,5,3,5,4,2,3,5,5,3,2,4,2,2,2,4,3,4,3,2,3,3,3,3,4,2,2,4,2,1,4,2,1,3,3,2,2,4,2,3,2,2,1,1,2,1,1,1,4,1,1,2,1,2,2,2,2,2,2,NA,NA,NA,NA,NA,3,1,2,1,2,1,2,1,2,1,1,1,1,1,1,2,1,1,2,1,1,1,2,2,1,1,maths
PH99A,5,4,4,3,5,4,4,5,1,4,4,3,4,3,4,3,3,3,4,4,5,4,2,3,4,2,3,4,4,3,5,4,1,5,2,5,3,3,2,3,3,4,3,4,1,5,5,4,5,5,5,5,5,3,5,4,4,4,1,4,5,4,4,4,5,5,5,3,4,5,5,5,5,4,4,4,4,2,3,3,3,3,3,3,3,3,1,2,1,4,4,4,2,2,4,1,1,3,4,1,4,1,2,1,1,4,3,3,1,1,4,4,4,1,1,4,1,1,3,4,1,3,1,1,4,1,4,4,4,NA,NA,NA,NA,NA,1,1,3,2,2,1,1,4,4,4,1,1,4,1,1,3,4,1,4,1,1,stats
EH06N,3,1,4,2,1,1,3,5,2,4,1,2,4,1,5,4,1,1,5,2,3,3,4,5,1,4,2,2,2,1,5,5,1,3,1,5,4,2,5,1,3,3,4,2,5,5,5,5,5,5,4,3,5,2,2,1,1,1,1,2,2,1,2,3,5,5,5,5,5,5,4,4,5,1,1,1,1,1,1,3,1,3,2,2,3,3,4,1,3,2,2,3,2,1,3,2,3,4,2,2,2,4,1,1,3,4,4,4,1,3,1,1,3,1,1,1,1,1,4,2,2,4,4,1,NA,NA,NA,NA,NA,1,1,2,4,1,1,3,2,2,2,1,1,1,2,2,1,1,2,2,1,3,2,1,2,3,1,maths
FQ47T,4,1,1,1,2,2,4,5,1,4,1,2,2,2,5,1,4,1,1,3,2,1,1,4,1,1,2,1,1,3,5,5,1,2,3,5,1,1,1,2,2,1,1,4,4,3,5,3,5,4,1,5,4,2,1,1,1,1,1,2,2,1,1,3,5,5,5,3,5,4,1,5,5,2,1,1,1,1,2,2,1,1,1,1,2,3,1,1,2,2,3,2,1,1,1,1,1,2,2,1,3,1,1,1,1,1,1,1,1,1,1,1,1,1,1,1,1,1,1,1,1,2,1,1,NA,NA,NA,NA,NA,3,4,4,3,2,2,1,1,1,1,1,1,1,1,1,4,1,1,1,1,1,1,3,1,2,1,maths
AX93O,5,5,4,5,5,5,5,5,4,5,5,4,4,5,5,4,4,5,4,5,4,4,4,4,5,4,4,5,4,5,5,5,2,4,5,5,4,5,4,4,3,5,4,5,5,4,5,3,5,5,5,5,4,2,4,4,4,4,2,4,2,4,4,5,5,5,5,4,5,5,5,4,5,5,5,5,5,3,4,4,4,4,3,1,3,3,4,2,2,4,4,4,4,2,4,1,3,4,4,3,4,4,4,2,1,3,1,1,1,1,3,2,4,4,2,2,1,2,2,4,3,3,2,1,NA,NA,NA,NA,NA,3,2,2,1,2,2,1,3,2,1,1,1,2,3,4,4,2,3,1,2,3,4,2,3,3,1,maths
QF15H,3,4,5,5,3,3,3,4,1,2,3,2,4,3,3,4,2,3,4,3,4,3,2,4,3,4,3,3,4,2,4,2,1,4,2,3,3,3,3,4,4,4,2,3,3,3,3,1,3,3,3,3,3,1,3,1,2,2,1,3,3,3,2,4,4,3,5,2,3,4,2,4,5,5,4,3,3,2,3,3,3,2,4,3,3,3,4,2,2,2,3,3,3,3,3,2,2,2,3,2,3,3,4,3,3,2,3,3,1,2,3,3,3,3,2,3,2,2,3,3,2,4,3,2,NA,NA,NA,NA,NA,1,1,3,3,NA,3,2,2,3,3,2,3,2,2,3,3,3,4,2,3,2,2,2,3,3,3,maths
DL22S,2,3,1,3,1,3,4,4,3,5,2,1,3,2,4,1,1,1,1,4,2,4,1,2,4,1,3,2,2,3,3,3,1,2,2,4,1,1,1,4,3,2,1,1,1,1,2,1,1,1,2,2,2,1,1,1,1,1,1,1,1,1,1,2,3,3,4,2,3,4,2,5,5,2,2,2,2,1,1,1,2,1,2,3,3,2,1,1,1,1,1,2,2,1,1,1,1,1,1,1,1,1,1,1,3,3,1,1,1,1,1,1,3,1,1,2,1,1,2,1,1,1,1,1,4,1,4,2,4,NA,NA,NA,NA,NA,2,3,2,1,1,1,1,1,2,1,2,1,1,1,1,1,1,1,1,1,1,stats
TN46V,4,3,5,2,4,1,5,5,1,5,4,2,5,2,5,4,4,3,3,2,4,3,3,2,3,5,2,2,2,4,3,5,5,5,3,2,3,5,3,3,5,4,1,3,5,5,5,3,4,5,5,4,5,1,3,2,4,4,1,5,2,5,2,3,5,5,5,3,4,5,5,5,5,1,2,1,1,1,4,4,5,2,2,2,3,1,1,1,3,1,1,2,1,2,1,3,1,1,2,1,1,2,3,2,2,3,1,1,1,1,1,1,1,1,2,1,2,1,1,1,1,1,2,2,NA,NA,NA,NA,NA,1,1,1,3,NA,3,3,1,1,2,1,1,1,1,1,1,2,1,2,2,1,1,1,1,1,1,maths
1867L,2,3,1,5,1,2,3,3,4,3,1,1,4,1,3,1,1,1,1,3,1,2,1,3,3,3,4,2,2,5,4,5,1,3,5,4,2,1,1,4,4,2,1,4,5,4,5,3,5,4,4,4,5,1,4,4,2,4,3,3,4,2,4,2,2,3,3,5,3,4,2,3,4,2,3,2,2,1,4,2,3,1,4,4,4,4,4,3,3,2,4,3,2,3,3,2,3,3,3,2,2,4,1,3,2,4,2,4,2,2,3,4,3,1,1,2,3,2,3,4,1,4,3,1,4,1,4,3,1,NA,NA,NA,NA,NA,3,4,3,3,4,3,3,2,3,3,4,1,3,3,3,2,3,1,4,3,2,stats
xr44r,2,3,5,1,2,3,5,2,1,3,3,3,5,3,2,5,1,4,5,2,2,5,5,2,3,5,3,3,3,2,2,5,1,4,2,2,5,4,5,2,2,4,5,1,1,1,1,1,1,1,1,3,1,2,1,1,1,1,1,2,1,4,1,2,2,2,2,3,2,3,2,4,5,2,2,2,2,2,4,2,4,2,2,4,4,4,4,3,3,4,4,4,4,3,4,4,4,4,4,3,4,4,4,3,4,2,3,3,4,4,4,3,4,3,4,3,2,2,4,4,4,3,4,4,4,1,4,4,4,NA,NA,NA,NA,NA,4,4,3,2,4,4,2,4,2,4,4,4,2,4,3,4,4,4,2,4,4,stats
PD85A,4,3,3,3,4,3,5,5,2,5,4,4,3,3,5,2,2,1,3,3,5,2,1,3,2,2,3,3,3,3,5,4,1,3,3,5,2,1,2,2,4,1,1,4,5,5,5,5,5,5,4,4,5,1,3,1,2,2,1,2,4,1,2,4,5,5,5,5,5,5,4,4,5,3,3,1,3,1,3,4,4,3,4,1,2,2,1,1,2,3,3,4,4,3,3,1,1,2,3,2,2,4,3,2,1,2,2,1,1,1,1,3,2,4,1,3,1,1,3,2,2,1,3,2,NA,NA,NA,NA,NA,3,1,3,3,1,4,1,4,2,1,2,2,3,4,3,4,3,2,1,1,1,2,3,1,4,3,maths
LP31S,3,3,3,4,3,2,4,3,1,3,2,3,3,4,3,3,1,2,4,2,2,3,3,3,3,3,3,3,3,4,3,3,2,3,3,4,3,2,3,3,4,2,2,3,2,2,4,3,3,3,2,4,2,1,1,1,1,2,2,2,2,3,2,3,2,3,4,3,3,3,3,4,3,2,2,1,2,2,2,3,2,2,3,3,3,3,3,2,3,3,3,4,3,2,3,2,2,3,3,3,3,2,2,2,2,4,3,3,2,2,2,4,4,3,2,3,2,2,3,3,2,3,2,2,NA,NA,NA,NA,NA,3,1,2,3,1,2,2,2,1,3,2,2,2,1,3,3,2,2,2,2,3,3,1,3,1,2,maths
AJ87V,5,1,2,3,4,1,5,5,1,5,1,1,5,3,5,2,1,2,3,4,2,3,3,5,1,2,4,2,2,2,5,5,1,5,3,5,2,1,2,2,4,4,2,4,4,2,4,3,5,5,5,5,5,1,1,1,1,1,2,2,5,3,3,3,2,4,5,2,5,4,1,5,4,1,1,1,1,1,1,2,1,1,1,1,3,1,1,1,1,1,2,3,1,1,2,1,1,2,1,1,1,2,1,1,1,1,1,1,1,1,1,1,1,1,1,1,1,1,1,1,1,1,1,1,2,1,4,1,4,NA,NA,NA,NA,NA,2,2,1,1,1,1,1,1,1,1,1,1,1,1,1,1,1,1,2,2,1,stats
QX51O,3,3,2,3,2,2,3,5,1,5,2,4,5,2,5,2,1,4,3,4,3,2,1,3,3,5,4,2,3,3,4,5,1,5,2,5,5,4,4,2,2,2,2,3,5,3,5,5,4,5,2,5,5,1,2,2,2,2,1,1,2,1,1,4,5,5,5,5,5,5,3,5,5,4,2,2,2,1,3,2,1,1,3,3,4,4,2,3,3,2,4,4,2,2,4,4,3,4,4,3,4,2,1,1,2,3,2,1,2,1,1,3,3,2,1,2,2,2,2,3,1,4,1,1,NA,NA,NA,NA,NA,1,1,2,NA,NA,3,3,4,2,4,2,2,3,4,4,4,1,4,3,4,3,4,3,4,1,1,maths
FE11A,5,3,3,4,4,2,5,5,2,4,5,1,2,4,4,3,3,1,4,4,2,1,3,5,4,3,5,4,1,4,5,4,4,2,3,4,3,1,5,4,2,1,2,4,5,4,5,4,4,4,4,2,3,1,2,2,2,2,1,4,2,3,1,4,5,4,5,4,4,4,4,2,3,5,4,4,4,1,5,1,4,2,1,1,4,2,2,1,1,1,2,4,3,1,4,1,1,3,3,1,3,1,1,1,1,4,2,2,1,1,1,2,4,3,1,3,1,1,3,3,1,3,1,1,NA,NA,NA,NA,NA,3,1,1,2,4,1,1,4,2,2,2,1,1,2,4,3,1,3,1,1,3,3,2,3,1,1,maths
QL09A,4,2,2,4,3,2,5,5,2,5,4,2,4,5,5,2,4,2,2,3,2,5,2,4,2,2,4,4,1,5,5,5,4,4,4,5,2,2,2,2,2,5,2,4,5,5,5,4,4,5,3,5,5,4,4,4,4,4,2,2,2,2,2,4,5,5,5,4,4,5,2,5,5,4,4,4,4,2,2,2,2,2,3,2,4,3,4,1,2,1,3,3,1,2,3,2,2,3,4,2,3,3,1,2,2,4,3,3,1,1,1,3,4,2,1,3,1,1,4,4,2,3,2,1,4,1,4,3,4,NA,NA,NA,NA,NA,1,2,4,3,4,1,1,1,3,4,2,3,3,1,3,4,4,1,4,3,1,stats
LB07T,4,2,3,3,4,2,4,4,2,4,3,4,4,3,4,3,2,3,3,3,4,4,3,4,2,3,4,4,2,3,4,4,3,4,2,5,3,3,3,2,3,4,3,3,4,4,4,3,5,5,3,5,4,1,2,2,2,2,2,2,3,3,2,3,4,4,4,4,5,5,3,5,4,4,4,4,4,2,3,3,3,2,2,1,1,1,2,1,1,1,1,2,3,1,1,1,2,2,2,1,2,1,1,1,2,1,1,1,1,2,1,1,1,2,1,1,1,3,1,1,1,1,1,1,4,1,4,2,4,NA,NA,NA,NA,NA,1,1,1,1,1,1,2,1,1,1,2,1,1,2,3,1,1,1,1,1,1,stats
AY50I,1,1,1,1,1,1,3,4,1,4,1,1,4,1,4,1,1,1,3,1,1,5,1,1,2,2,1,1,1,1,4,4,1,3,1,4,1,1,3,1,1,5,1,1,2,4,5,4,4,4,3,5,2,1,3,1,1,1,1,1,1,1,1,1,3,3,5,3,3,3,3,5,3,2,4,4,2,1,1,1,1,1,2,2,4,4,4,2,3,1,3,4,1,2,2,2,3,3,3,2,4,2,1,2,2,4,4,4,2,2,1,2,4,1,3,3,2,2,2,3,2,4,2,1,4,1,4,3,4,NA,NA,NA,NA,NA,2,2,2,4,4,2,2,2,2,4,1,2,2,2,2,3,3,2,4,2,1,stats
nb93a,2,2,2,2,2,1,2,2,2,3,2,1,2,2,3,3,1,2,2,2,2,2,2,2,2,3,2,3,1,2,3,3,2,2,3,3,3,2,2,2,2,2,2,2,4,3,4,3,3,4,3,3,4,1,2,2,2,2,1,1,2,1,2,3,4,2,3,2,3,3,4,3,3,3,2,2,2,2,2,1,2,2,3,4,3,2,3,3,2,3,2,3,4,2,2,4,3,3,3,3,3,4,3,1,2,1,1,2,1,1,1,1,2,2,2,1,1,1,1,2,1,1,2,1,4,3,1,NA,NA,NA,NA,NA,NA,NA,2,2,1,1,3,1,1,1,2,2,3,2,2,1,2,1,3,1,1,2,1,stats
ET78A,2,2,2,2,4,3,4,4,5,4,2,3,2,2,4,2,4,1,2,4,3,2,2,4,3,2,2,4,4,4,4,5,3,3,2,5,2,2,2,4,4,2,2,4,5,5,5,3,4,4,3,4,5,1,1,1,3,1,1,2,3,1,4,4,4,4,5,4,4,4,2,5,5,4,4,1,4,1,2,3,2,2,4,4,3,4,2,4,3,3,2,4,4,4,3,3,4,2,4,4,3,4,3,1,2,1,1,1,1,1,2,1,3,3,2,1,1,2,1,2,1,2,2,2,4,2,4,1,3,NA,NA,NA,NA,NA,3,2,1,2,1,3,1,1,1,4,3,3,2,2,1,1,4,1,2,4,3,stats
JG90A,2,2,2,1,1,1,3,4,1,2,2,1,1,2,3,2,1,1,1,2,1,2,2,4,2,2,2,2,2,1,4,4,1,2,2,4,2,1,2,2,2,4,1,1,4,2,4,3,3,3,1,4,3,1,1,1,1,1,1,1,1,2,1,1,2,2,4,3,2,3,2,4,3,2,1,2,1,1,1,1,2,1,2,1,1,1,2,1,1,1,1,2,2,1,1,1,1,1,2,1,1,1,1,1,1,1,1,1,1,1,1,1,1,1,1,1,1,1,1,1,1,1,1,1,4,2,4,4,4,NA,NA,NA,NA,NA,1,1,1,1,1,1,1,1,1,1,2,1,1,1,1,1,1,1,1,1,1,stats
NQ53A,2,1,3,1,1,1,1,2,1,2,1,1,2,1,2,3,1,1,3,2,1,2,2,1,1,3,1,1,1,1,2,2,1,2,1,2,2,1,2,1,1,1,2,1,2,2,2,2,2,2,1,2,2,1,1,1,1,1,1,1,1,1,2,2,2,2,3,2,2,2,1,2,3,1,1,1,1,1,1,1,1,2,2,1,1,2,2,1,2,1,1,2,3,1,1,1,1,3,1,1,2,1,1,1,1,1,3,2,1,1,1,1,2,3,1,1,1,2,2,2,1,2,1,1,NA,NA,NA,NA,NA,3,1,NA,NA,1,2,1,1,2,1,1,1,1,1,2,1,1,1,1,1,1,2,1,1,2,1,maths
22360,2,4,2,2,2,4,3,3,3,2,2,2,4,3,3,2,2,2,2,4,2,4,2,3,4,2,2,3,4,4,3,3,2,4,4,3,2,2,2,4,2,4,2,3,3,2,4,2,3,4,2,5,4,1,2,2,2,3,2,3,2,3,2,2,3,3,4,2,4,3,2,5,4,2,2,2,2,2,3,2,3,2,2,2,3,2,3,2,1,2,3,3,3,2,3,2,2,3,3,2,3,1,2,1,1,3,1,3,1,1,1,2,3,2,1,1,1,1,3,3,1,2,1,1,4,1,2,4,2,NA,NA,NA,NA,NA,1,1,1,4,3,1,1,1,3,2,3,1,3,1,1,3,3,1,1,1,1,stats
NN72C,5,4,1,4,3,1,3,5,3,5,5,5,3,2,5,2,4,2,5,3,5,3,1,3,3,1,4,4,1,3,5,4,1,3,4,5,2,1,2,4,5,3,1,4,5,2,5,5,5,5,1,5,5,1,3,3,3,3,1,3,5,5,2,3,4,3,5,5,5,5,1,5,5,5,5,3,5,1,5,5,5,2,4,3,1,4,1,2,2,3,4,3,3,4,4,1,4,4,2,4,1,3,2,4,2,1,4,1,2,2,3,4,3,3,4,4,1,4,4,2,4,1,2,2,4,4,2,2,1,NA,NA,NA,NA,NA,4,4,1,1,2,1,1,1,4,2,3,2,4,2,3,3,2,2,1,3,1,stats
1399H,4,5,5,5,5,4,5,5,5,5,4,5,5,2,5,5,4,4,4,4,5,5,3,4,4,3,5,4,3,4,4,4,4,4,5,5,2,5,2,2,5,5,1,4,5,5,5,4,4,4,5,4,5,1,2,2,5,5,1,2,5,2,2,3,5,5,5,4,5,4,5,4,5,5,4,2,4,5,5,5,2,3,3,3,3,2,4,1,2,1,4,3,3,2,4,1,1,4,3,1,4,4,1,1,1,4,1,1,1,1,1,3,4,1,1,3,1,1,4,2,1,3,1,1,4,1,1,1,4,NA,NA,NA,NA,NA,1,1,3,1,1,1,1,1,1,1,3,2,1,1,1,1,3,1,3,3,1,stats
GX27L,5,3,5,4,3,3,5,4,2,4,4,4,4,5,5,5,1,3,5,4,2,5,5,3,3,5,5,4,5,4,5,4,1,5,3,5,5,2,5,3,2,5,4,4,3,4,5,5,5,5,5,5,4,2,1,1,1,3,2,3,2,2,2,3,4,3,5,5,5,5,5,5,4,2,1,1,2,2,1,4,1,2,3,3,4,4,4,2,1,2,4,4,4,1,4,4,3,4,4,1,4,3,1,2,1,4,4,3,1,1,1,1,4,3,1,4,2,3,4,4,1,4,2,1,NA,NA,NA,NA,NA,3,1,NA,NA,1,2,2,4,4,4,2,1,1,1,3,4,1,3,1,4,3,4,1,3,4,2,maths
RA,3,2,2,3,4,3,4,4,1,5,2,3,4,2,5,1,2,1,1,2,3,3,2,3,3,1,1,2,1,1,4,4,1,4,3,4,1,2,1,2,1,3,1,4,3,3,3,2,3,2,2,4,2,2,1,1,2,1,1,2,2,2,2,3,5,5,5,2,5,4,5,5,2,5,4,4,5,1,1,4,2,3,2,3,1,1,1,1,1,1,3,1,1,1,1,2,3,2,1,1,1,2,1,1,3,1,1,1,2,2,1,1,1,1,3,1,3,3,1,1,1,1,1,1,4,1,2,4,NA,NA,NA,NA,NA,NA,1,3,1,2,3,2,2,1,3,1,2,3,3,3,1,1,1,1,1,2,2,stats
UU31L,5,4,4,5,5,5,5,5,4,5,5,5,4,5,5,4,4,4,2,5,5,4,2,5,5,4,5,5,5,5,5,5,4,4,4,5,4,4,2,5,5,4,2,4,5,5,5,5,5,5,5,5,5,3,3,3,3,3,3,4,4,3,4,5,5,5,5,5,5,5,5,5,5,5,5,5,5,3,5,5,4,5,1,1,3,2,3,1,1,1,2,2,2,1,2,1,1,3,2,2,1,3,1,1,1,2,2,3,1,1,1,1,2,2,1,2,1,1,2,3,1,1,1,1,3,2,2,4,2,NA,NA,NA,NA,NA,2,2,2,2,2,1,1,1,1,1,3,1,2,1,1,2,3,2,1,2,1,stats
ER23O,3,3,3,3,3,3,3,4,3,3,2,3,3,3,4,3,2,3,3,3,4,2,2,3,3,3,3,3,3,3,4,4,2,3,2,3,3,3,3,3,4,2,2,3,3,3,4,3,4,4,3,4,4,2,2,2,2,2,1,2,3,2,2,3,4,3,4,3,4,4,4,3,4,3,3,4,3,1,2,4,2,2,2,2,1,2,1,1,1,2,1,2,1,2,2,1,1,2,2,2,1,3,1,1,1,1,2,1,1,1,1,1,2,1,1,1,1,1,2,1,1,1,1,1,4,2,4,4,1,NA,NA,NA,NA,NA,1,1,1,2,1,1,1,1,1,1,1,1,1,1,1,1,1,1,1,2,1,stats
qe45i,2,1,1,2,1,1,2,3,1,2,2,1,2,2,3,1,1,1,2,1,2,2,2,2,1,2,2,1,1,1,3,4,1,4,2,3,2,2,2,1,2,2,1,1,2,3,3,1,2,3,2,4,3,1,1,1,1,2,1,1,2,2,1,2,2,3,4,2,3,3,1,4,3,1,1,1,1,1,2,2,2,1,3,1,2,2,2,3,2,2,3,2,4,2,3,2,1,3,3,1,3,1,2,3,2,2,2,2,1,1,1,2,2,3,1,2,2,1,3,2,1,2,2,3,NA,NA,NA,NA,NA,3,1,3,3,NA,1,1,2,2,2,1,1,1,2,1,2,1,2,1,1,2,1,1,1,2,1,maths
AA63I,4,2,4,3,3,3,5,5,2,5,4,5,3,5,3,4,3,1,4,2,4,5,4,3,4,3,4,4,5,5,5,3,1,3,5,2,4,1,4,5,5,5,4,2,5,4,5,2,4,5,4,5,5,1,5,3,3,3,1,3,5,4,2,3,5,5,5,2,3,5,4,5,5,4,5,5,5,1,3,5,3,2,2,3,3,4,3,1,3,1,4,3,2,2,3,2,2,3,3,2,3,2,2,1,2,2,4,3,1,1,1,1,2,2,1,3,1,1,2,3,1,2,1,1,NA,NA,NA,NA,NA,1,1,1,4,2,3,3,4,4,1,1,1,1,2,2,4,1,4,1,1,2,4,3,4,3,2,maths
HE51Y,5,4,3,4,3,2,4,5,3,5,3,3,4,3,5,3,4,3,3,4,5,4,2,4,1,3,3,3,3,3,4,4,2,3,3,4,3,4,2,2,4,3,2,4,4,4,5,4,4,5,4,5,5,2,2,1,3,2,2,4,4,3,3,4,5,4,5,4,5,5,4,5,5,3,3,3,3,2,3,4,3,4,3,3,3,4,4,1,3,3,3,4,3,3,3,3,3,4,3,3,4,2,3,1,2,3,3,4,1,3,1,3,3,3,3,3,3,3,4,3,1,3,1,3,4,2,2,NA,3,NA,NA,NA,NA,NA,2,3,3,3,3,1,3,1,3,3,4,3,3,3,3,4,3,2,4,2,3,stats
fr781,2,1,1,3,1,2,4,3,2,1,2,3,2,3,3,2,3,2,1,3,2,2,2,3,3,1,2,1,3,1,3,3,2,2,2,3,1,2,2,1,1,2,1,2,3,3,3,1,2,2,3,3,1,1,1,1,1,1,1,1,1,1,1,4,5,4,4,2,3,3,4,3,2,1,1,2,1,1,2,2,2,2,3,2,2,3,3,2,2,3,2,3,2,3,3,2,3,4,3,3,3,3,3,1,1,2,2,1,1,2,1,1,2,2,1,2,2,2,1,1,1,2,1,1,NA,NA,NA,NA,NA,3,1,1,3,3,1,1,1,1,1,1,1,1,1,1,3,1,1,1,1,1,2,1,1,1,1,maths
22486,5,3,5,3,3,1,5,3,4,5,5,3,5,3,5,4,4,5,4,3,4,5,5,5,2,2,4,2,2,2,4,5,2,5,4,5,2,2,2,2,4,5,2,5,5,5,5,5,5,5,5,5,5,5,5,5,5,5,3,3,5,3,5,5,5,5,5,5,5,5,3,3,5,5,3,3,3,2,3,5,3,4,1,2,2,2,1,1,1,1,1,1,2,1,2,1,1,2,3,1,1,1,1,1,1,2,2,1,1,1,1,1,2,1,1,1,1,1,1,1,1,1,1,1,1,2,3,3,2,NA,NA,NA,NA,NA,1,1,1,1,1,1,1,1,1,2,1,1,1,1,1,1,1,1,1,1,1,stats
NH52O,3,4,5,4,2,4,5,4,1,4,1,3,5,5,4,3,1,3,3,5,4,4,2,4,4,3,4,2,4,2,5,4,2,3,3,4,2,3,3,5,5,2,2,4,4,4,5,2,4,3,4,5,5,5,3,2,2,2,1,2,5,1,2,4,4,3,5,3,4,4,4,5,5,3,3,4,3,1,3,4,2,3,2,2,2,2,3,2,2,1,2,4,4,1,4,1,1,3,3,1,4,2,1,1,3,1,3,2,1,1,1,3,2,4,3,2,1,1,3,2,1,2,1,1,NA,NA,NA,NA,NA,1,4,3,1,3,3,1,1,1,4,2,1,1,2,4,4,1,4,1,2,4,4,2,4,1,1,maths
qa33o,3,1,3,5,2,2,2,4,1,4,2,2,3,2,5,2,1,1,2,1,2,3,2,3,3,3,3,2,2,2,3,4,1,3,2,5,3,1,2,1,2,3,1,3,3,4,4,5,5,5,2,5,5,1,1,1,1,1,1,1,1,2,1,3,3,5,5,4,5,5,3,5,5,2,1,1,1,1,1,1,2,3,1,1,2,3,2,1,1,1,3,2,4,1,3,1,1,2,3,1,1,2,1,1,1,2,2,1,1,1,1,2,1,3,1,3,1,1,1,2,1,1,1,1,NA,NA,NA,NA,NA,3,2,3,2,1,1,1,3,1,1,1,1,1,2,1,4,1,2,1,1,1,1,1,1,3,2,maths
NE01E,4,2,3,3,4,2,3,3,2,4,3,3,3,3,4,3,3,2,2,3,4,3,2,4,3,3,4,3,3,3,4,4,2,2,3,5,3,3,2,3,3,3,2,3,5,3,5,3,4,4,3,4,4,2,3,3,3,4,2,2,3,2,2,4,4,3,5,3,4,4,3,4,5,4,3,3,3,2,3,3,2,3,3,3,1,2,2,2,1,1,3,1,2,3,3,1,1,3,2,3,1,2,2,1,2,1,2,1,1,1,1,1,1,2,3,1,3,1,1,2,1,1,1,2,4,3,2,NA,NA,NA,NA,NA,NA,NA,3,3,2,3,3,2,2,2,2,3,3,3,3,3,2,3,3,2,2,2,3,stats
PH23L,5,5,2,5,1,4,5,5,1,5,5,5,1,2,5,1,3,5,4,5,5,1,3,3,5,1,4,1,5,3,3,3,5,2,1,2,1,5,1,3,3,1,2,2,2,1,4,1,3,3,1,4,4,1,1,1,1,2,1,1,2,1,1,4,3,5,5,4,5,5,5,5,5,5,5,5,5,1,2,5,3,2,2,2,2,1,4,2,4,2,4,4,2,3,4,2,4,4,4,3,4,4,1,1,1,4,4,4,1,4,4,4,4,4,2,4,1,1,4,4,1,4,4,1,NA,NA,NA,NA,NA,1,4,1,2,2,4,4,4,4,4,2,4,3,4,4,4,1,1,1,1,4,4,4,4,4,1,maths
JS75O,4,3,4,4,3,2,2,5,1,5,1,3,3,2,5,4,1,3,3,4,3,5,4,4,4,4,4,2,2,3,5,5,1,3,3,4,4,3,3,3,3,4,4,4,5,4,5,4,5,5,3,5,4,1,3,1,1,1,1,3,3,4,2,4,4,4,5,4,5,5,2,5,4,4,2,3,3,1,3,3,4,2,2,1,1,2,1,1,1,1,2,2,1,1,1,1,1,1,2,1,2,2,3,1,1,1,1,1,1,1,1,1,1,1,1,1,1,1,1,1,1,1,1,2,NA,NA,NA,NA,NA,3,1,2,NA,NA,2,1,1,2,1,1,1,1,2,1,3,1,1,1,1,1,1,1,1,1,2,maths
HB46A,5,4,4,5,5,4,5,5,4,5,4,4,4,4,5,4,3,5,4,5,5,4,5,4,4,5,4,5,4,5,5,5,5,4,5,4,4,4,5,5,5,5,5,5,5,5,5,4,4,4,5,4,5,3,2,4,4,5,2,5,4,4,3,5,5,5,5,4,5,5,5,5,4,5,5,5,5,3,4,5,4,3,2,3,3,3,3,2,3,2,3,3,4,2,3,2,3,3,4,2,3,3,3,1,3,3,3,3,1,2,1,1,1,2,1,1,3,1,3,3,2,2,3,1,4,3,4,3,3,NA,NA,NA,NA,NA,3,3,3,3,3,1,1,2,3,3,4,1,2,3,3,3,3,2,3,3,3,stats
sf81o,4,3,1,1,3,3,3,4,5,4,3,3,4,5,4,1,1,1,1,3,3,1,1,3,3,1,1,4,3,2,5,4,2,3,3,4,1,1,1,4,3,1,1,3,4,4,5,4,4,5,1,5,5,1,1,1,3,2,1,1,3,1,1,3,4,4,5,4,3,5,1,5,5,3,3,3,3,1,2,3,2,2,2,1,3,4,2,1,1,1,4,4,2,3,4,1,1,4,3,2,4,2,2,1,1,4,3,3,1,1,1,3,4,3,2,4,1,1,4,2,1,4,1,3,4,2,2,4,4,NA,NA,NA,NA,NA,3,1,3,1,1,2,1,3,3,4,4,4,4,1,4,1,3,4,4,4,4,stats
SF10R,3,2,1,2,1,1,1,3,2,2,2,3,2,1,4,1,2,3,2,1,1,2,1,3,2,3,1,2,2,3,4,4,1,3,2,2,2,3,2,2,1,1,2,2,2,2,4,1,3,3,2,5,3,1,1,2,1,2,1,1,1,3,1,3,2,3,5,4,4,1,2,3,3,2,2,2,3,1,2,3,2,2,3,4,3,2,2,1,1,1,2,1,2,2,3,1,1,2,2,1,2,2,1,2,3,2,3,2,1,1,3,3,3,2,2,4,1,2,3,2,1,2,2,1,NA,NA,NA,NA,NA,3,2,2,1,2,2,3,2,2,2,1,1,3,3,2,2,2,3,1,1,2,2,1,2,2,1,maths
SF71V,4,3,4,2,3,2,3,4,2,4,3,4,4,1,4,4,1,2,4,3,3,4,3,3,3,4,3,1,4,1,4,5,2,3,2,4,3,2,4,3,4,3,2,4,2,3,5,2,4,4,2,3,4,1,1,1,1,1,2,2,3,1,2,4,2,5,5,2,3,4,2,4,4,2,3,2,3,2,3,3,2,2,3,3,1,2,1,2,2,2,2,3,1,3,2,1,3,2,2,2,1,3,2,1,1,1,1,3,1,1,1,1,2,1,1,2,1,1,1,3,1,1,1,1,NA,NA,NA,NA,NA,3,4,2,4,1,1,1,1,1,1,1,1,1,1,2,1,1,2,1,1,1,3,1,1,1,1,maths
NY67L,3,2,5,4,3,3,5,4,4,5,4,2,5,3,5,4,4,4,3,3,4,3,2,3,3,4,4,3,3,3,4,3,2,3,4,4,3,4,4,3,2,3,3,2,3,3,3,2,3,3,3,3,4,1,3,1,2,2,3,3,3,3,3,3,4,3,4,3,4,4,5,4,5,5,5,5,5,3,3,4,4,3,3,2,4,3,3,2,2,2,4,4,2,2,3,2,3,3,4,2,4,2,2,2,2,2,2,2,2,3,2,2,3,3,2,2,2,2,2,3,2,2,3,2,4,1,1,2,1,NA,NA,NA,NA,NA,3,3,3,3,2,2,2,2,2,3,2,2,2,3,3,2,3,2,3,2,4,stats
qj48a,3,4,3,3,3,3,4,4,4,4,3,3,3,3,4,2,2,2,4,3,3,4,4,4,4,2,3,3,3,3,4,5,1,3,3,5,2,2,4,4,4,3,3,3,5,4,5,2,4,4,4,4,5,2,1,2,2,3,2,3,4,3,2,3,4,4,5,3,4,5,4,4,5,3,3,4,4,2,3,4,3,3,2,4,2,2,2,2,4,1,3,2,1,2,2,3,2,2,3,1,2,1,1,1,4,1,2,2,1,4,1,3,3,1,1,2,3,1,2,2,1,2,1,1,4,2,4,2,2,NA,NA,NA,NA,NA,2,4,3,1,2,2,4,1,2,2,2,1,2,3,1,2,3,2,2,2,1,stats
SX45E,3,3,2,2,3,3,3,4,2,3,2,3,3,3,4,2,2,2,2,3,2,3,2,2,3,2,2,2,4,2,3,3,2,3,3,3,2,4,2,3,3,3,2,3,2,3,2,2,3,4,2,4,3,1,2,1,2,2,2,2,2,3,2,3,4,4,4,3,3,4,3,3,4,4,3,3,4,2,3,3,3,2,3,1,2,3,2,1,1,2,2,4,4,1,3,1,1,3,3,3,3,3,1,3,1,2,3,3,1,1,1,3,2,3,1,3,1,1,3,3,3,2,3,1,4,1,4,3,1,NA,NA,NA,NA,NA,2,1,3,3,2,1,1,1,3,4,4,1,2,1,1,3,4,3,4,3,1,stats
QA20U,2,1,1,4,3,1,3,4,1,4,3,2,4,2,5,1,3,2,3,2,1,4,2,2,3,1,2,2,1,3,3,3,2,3,1,2,1,1,1,3,1,3,1,1,3,2,4,2,2,4,4,4,3,1,1,1,1,1,1,1,1,1,1,2,4,3,5,3,5,5,3,5,3,2,2,2,2,1,1,1,1,1,4,4,4,3,4,1,2,4,3,2,1,4,4,1,1,4,3,4,2,4,1,3,3,4,3,4,3,2,3,4,2,4,1,4,3,1,4,4,3,3,4,1,NA,NA,NA,NA,NA,2,1,4,1,1,4,4,1,1,1,1,1,4,1,1,3,3,4,3,4,1,1,4,1,4,3,maths
BN38Y,5,3,5,5,5,3,4,4,4,5,5,5,4,5,5,5,3,5,4,3,4,5,5,4,3,4,5,3,3,4,5,5,5,4,4,5,5,3,5,4,5,5,5,3,5,5,5,5,5,5,5,4,5,1,3,3,4,3,1,4,4,4,4,4,5,5,5,5,5,5,5,4,5,5,4,5,5,1,5,3,4,5,3,2,4,4,3,4,2,4,4,4,4,2,3,2,4,4,3,3,3,2,2,2,1,3,4,4,3,2,1,3,4,3,1,4,1,2,3,3,2,3,1,1,4,1,2,3,2,NA,NA,NA,NA,NA,3,2,4,4,4,3,3,2,4,3,3,2,4,2,3,4,4,3,4,3,2,stats
na65c,5,4,5,5,4,4,5,5,3,5,4,4,5,4,5,5,4,4,4,5,5,5,4,4,4,5,3,4,4,4,5,5,2,5,4,5,5,4,4,4,4,5,3,4,5,5,5,5,5,5,5,5,5,1,4,4,4,4,4,4,4,4,4,5,5,5,5,4,5,5,5,5,5,5,4,4,4,5,4,5,3,5,3,2,3,4,3,3,3,4,3,2,3,3,3,2,4,2,3,3,2,3,2,2,2,3,4,3,2,2,2,2,2,3,2,2,2,3,3,2,2,2,2,2,3,4,4,4,4,NA,NA,NA,NA,NA,4,3,3,4,3,2,3,3,3,3,4,3,2,3,3,3,3,3,2,4,3,stats
LH57B,4,3,3,3,2,4,3,3,3,5,3,2,4,4,4,3,1,3,2,2,3,4,2,3,3,4,3,4,3,3,4,3,3,5,3,5,4,3,3,3,4,4,4,2,3,4,5,2,4,4,3,5,3,3,3,3,3,3,3,3,3,3,4,3,4,3,4,4,5,5,3,4,5,3,3,3,3,1,2,3,2,4,4,3,4,3,2,3,4,3,3,3,3,4,3,3,3,3,3,3,3,4,3,3,3,4,3,2,3,3,3,3,3,3,3,3,3,3,3,3,3,3,3,3,NA,NA,NA,NA,NA,3,1,1,2,1,3,3,4,3,2,3,3,3,3,4,3,3,3,3,3,3,3,3,3,3,3,maths
QW54R,4,4,5,4,4,2,4,5,2,5,4,4,3,4,3,5,3,2,5,4,4,4,5,4,3,5,3,4,2,3,4,5,2,4,3,4,5,4,5,4,4,4,5,3,5,4,5,4,4,5,5,5,5,2,4,4,4,4,2,4,4,4,4,3,5,4,5,4,4,5,5,5,5,4,4,4,4,2,4,4,3,4,2,2,3,3,3,2,2,3,3,3,4,2,3,2,2,3,3,3,3,3,2,2,2,3,3,3,2,2,3,3,3,4,2,3,2,2,3,3,2,3,3,2,1,2,4,2,NA,NA,NA,NA,NA,NA,2,2,3,3,3,2,2,3,3,3,4,2,3,2,2,3,3,2,3,2,2,stats
SSN44T,4,4,4,4,4,2,3,4,1,1,4,4,4,2,4,3,1,1,2,3,3,2,4,5,2,2,3,2,2,5,5,5,2,2,3,4,4,2,5,2,3,5,2,3,5,5,5,5,5,5,5,5,4,1,1,1,5,1,1,1,3,1,1,5,5,5,5,5,5,5,5,5,5,5,5,4,2,1,5,5,3,4,3,3,3,3,3,3,3,3,3,3,1,3,3,3,3,3,3,3,3,3,3,1,1,1,4,1,2,1,1,4,4,1,1,4,1,1,1,1,1,4,1,2,2,2,1,2,4,NA,NA,NA,NA,NA,2,1,1,1,1,1,1,1,1,1,1,1,1,1,1,1,1,1,1,1,1,stats
BA40A,5,1,3,3,3,1,5,5,1,5,1,1,5,1,5,2,1,1,1,1,2,3,1,2,1,3,1,1,1,1,3,4,1,5,2,5,4,1,5,1,2,3,5,2,5,4,5,5,5,5,1,5,4,1,1,1,1,1,1,1,1,1,1,5,3,1,5,5,5,5,2,5,4,1,1,1,1,1,1,1,1,1,4,4,2,3,1,2,1,1,4,3,4,4,3,2,1,3,4,2,1,2,1,1,3,1,2,1,1,1,1,1,3,4,1,2,2,1,1,3,1,1,1,1,NA,NA,NA,NA,NA,3,1,1,3,NA,1,3,1,2,1,1,1,1,1,1,2,2,1,1,1,1,1,1,1,1,1,maths
123456,4,2,3,4,2,3,4,5,1,4,1,2,3,2,4,3,1,3,2,4,2,2,2,2,1,2,3,1,2,3,4,1,1,2,1,2,2,2,1,1,1,2,1,2,4,4,4,3,3,3,2,4,2,1,1,1,1,2,1,3,2,3,3,4,5,5,5,4,4,3,3,2,2,3,2,5,3,2,3,3,2,2,3,3,2,3,3,1,1,1,3,3,3,1,3,3,2,2,4,2,2,2,1,1,3,3,2,2,1,1,2,4,3,3,1,3,3,1,3,3,1,3,1,1,NA,NA,NA,NA,NA,3,1,4,2,2,1,3,2,1,3,1,1,2,2,1,3,1,1,2,1,1,1,2,1,1,1,maths
DJ46R,4,4,5,4,5,4,5,5,3,4,5,4,4,5,4,4,2,3,4,4,4,3,4,3,3,4,4,4,3,3,5,4,2,4,3,5,4,3,4,3,3,3,4,4,5,5,5,4,4,4,4,5,5,2,2,2,3,4,2,3,3,4,3,4,4,5,5,4,5,5,3,5,5,5,4,5,5,2,3,4,4,4,3,3,3,4,3,2,2,3,4,4,4,2,4,2,3,4,4,2,3,3,2,3,3,2,4,4,2,2,2,4,4,4,2,4,3,3,4,4,3,4,3,3,NA,NA,NA,NA,NA,3,2,1,1,3,4,4,3,4,4,2,2,3,4,4,4,4,4,3,3,4,4,3,4,3,4,maths
EL86H,3,3,3,4,3,3,4,3,4,5,4,5,2,2,5,2,2,4,4,4,2,3,2,3,3,3,3,2,3,2,3,4,1,2,2,4,2,3,3,3,2,2,2,2,4,3,4,2,3,5,4,2,3,2,1,1,1,3,1,2,2,2,1,3,4,3,5,2,3,5,4,2,4,3,3,3,4,1,3,2,2,1,4,4,3,2,2,3,3,2,2,4,3,2,2,3,3,4,3,3,3,2,3,2,4,3,1,2,1,2,1,2,3,3,1,2,3,2,3,3,1,3,3,1,NA,NA,NA,NA,NA,1,1,3,1,3,2,3,2,1,3,2,3,1,2,2,3,1,3,3,3,2,3,1,3,3,1,maths
dp22a,3,5,2,5,5,3,5,5,5,5,5,5,3,2,5,1,3,5,5,4,4,3,4,4,4,2,4,5,4,4,2,3,2,4,4,5,3,2,2,2,5,3,4,3,4,3,3,5,5,5,5,3,5,1,3,1,1,1,1,2,5,5,4,3,4,5,5,5,5,5,5,4,5,5,5,5,5,1,2,4,5,2,3,1,4,3,1,1,1,3,3,3,4,2,3,1,1,2,3,3,4,1,1,2,1,2,1,1,1,1,1,2,1,3,1,2,1,1,3,2,2,1,1,1,NA,NA,NA,NA,NA,1,3,2,3,2,2,1,3,4,3,1,1,1,4,1,3,1,4,1,1,1,1,1,1,1,1,maths
TH59I,4,4,5,2,4,4,4,2,3,4,5,5,4,2,5,5,3,5,4,4,3,2,2,5,4,5,5,4,3,2,5,5,2,4,3,5,5,4,3,4,4,2,5,3,5,2,5,5,5,5,5,5,5,3,2,3,3,2,1,3,4,2,3,2,5,1,5,5,5,5,5,4,5,2,2,2,2,1,3,3,4,1,3,4,3,4,3,2,4,2,4,4,1,1,4,4,1,2,4,1,3,1,1,3,4,3,4,3,1,4,2,4,3,2,1,4,4,1,2,3,1,3,1,1,4,2,NA,NA,1,NA,NA,NA,NA,NA,3,4,3,4,3,2,4,3,4,3,2,1,3,4,1,2,3,2,3,2,1,stats
FJ12N,4,3,2,4,3,2,4,4,1,4,4,3,4,4,5,2,4,1,4,3,4,4,3,3,3,3,4,2,3,4,4,4,1,4,4,5,3,2,3,3,3,4,3,3,4,4,5,4,4,5,4,4,4,1,4,1,1,3,1,5,3,3,4,3,4,5,5,4,5,5,4,4,4,4,2,2,3,1,3,4,3,4,4,4,1,3,1,1,1,2,2,3,1,1,2,1,1,3,2,2,3,3,1,3,1,3,3,4,1,1,1,3,3,1,1,3,1,1,4,3,1,3,4,4,NA,NA,NA,NA,NA,3,1,NA,NA,1,4,1,1,1,3,3,1,3,1,1,4,1,1,1,1,1,1,3,1,4,4,maths
ew,3,2,4,3,2,1,5,5,1,3,2,1,3,3,2,5,1,1,5,2,3,3,4,2,2,2,2,1,1,2,2,1,3,2,1,1,1,2,3,1,1,2,2,1,1,1,1,1,1,1,1,5,1,1,1,1,1,1,1,1,1,1,1,2,5,3,5,5,4,4,2,3,5,5,5,5,5,1,2,1,5,1,1,1,1,1,1,1,1,1,1,1,1,1,1,1,1,1,1,1,1,1,1,1,1,1,1,1,1,1,1,1,1,1,1,1,1,1,1,3,1,1,2,1,NA,NA,NA,NA,NA,3,1,2,2,2,1,1,1,1,1,1,1,1,1,1,1,1,1,1,1,1,1,1,1,1,1,maths
JP54H,4,3,2,3,3,3,4,4,2,4,3,3,3,3,4,2,3,3,2,3,4,3,3,3,4,2,4,2,3,2,4,4,2,3,4,3,2,2,2,3,4,3,2,3,4,3,4,4,3,3,4,4,2,1,2,2,2,2,1,1,4,2,2,3,4,3,4,4,4,4,4,4,2,4,4,3,4,1,3,4,3,1,2,2,2,3,2,2,1,2,2,3,3,3,2,2,3,3,3,2,3,2,2,1,1,1,1,1,1,1,1,1,1,1,1,1,1,1,1,1,1,1,1,1,1,1,4,3,3,NA,NA,NA,NA,NA,2,1,1,1,1,1,1,1,1,1,2,1,1,1,1,1,1,1,1,1,1,stats
EF59L,3,1,2,3,2,1,3,4,1,3,2,2,3,2,2,3,1,1,4,1,3,3,3,2,1,2,3,1,1,1,3,3,1,3,1,2,2,1,3,1,1,3,2,2,4,3,5,2,2,3,2,4,4,1,2,1,2,1,1,1,2,2,2,2,4,3,5,2,3,3,2,4,3,2,2,1,2,1,1,1,2,2,4,3,4,4,2,2,1,2,4,4,2,3,3,2,2,3,3,2,4,4,2,1,2,1,3,1,1,1,1,1,1,2,2,2,1,1,1,1,1,2,1,2,NA,NA,NA,NA,NA,1,4,2,1,NA,2,1,3,2,2,1,1,1,1,1,3,2,2,1,1,1,2,1,1,2,1,maths
SF,2,1,2,1,2,1,2,3,1,3,1,1,2,2,2,2,1,1,1,1,1,2,1,2,1,2,1,2,1,1,2,2,1,2,2,2,2,1,1,1,1,2,1,1,2,2,2,1,2,2,1,3,2,1,1,1,1,2,1,1,1,1,1,1,3,2,4,2,2,3,1,4,2,1,1,1,1,1,1,1,2,1,2,1,3,3,1,2,2,1,3,3,2,1,3,1,1,1,3,1,1,1,1,1,1,1,1,1,1,1,1,1,1,1,1,1,1,1,1,1,1,1,1,1,4,1,4,2,2,NA,NA,NA,NA,NA,1,1,1,2,1,1,1,1,1,1,3,1,1,1,1,1,1,1,1,1,1,stats
1818JO,5,4,5,3,3,4,5,5,2,5,3,4,5,3,3,4,2,4,4,4,4,4,3,4,4,4,3,4,3,4,5,5,2,4,4,4,4,4,4,4,3,4,3,5,4,4,5,4,4,3,4,5,5,2,3,3,4,3,3,4,3,4,3,4,4,4,5,3,4,5,4,5,5,4,4,4,4,3,4,3,4,4,2,2,3,2,2,3,2,3,3,3,1,3,3,2,3,4,3,2,3,3,1,1,1,3,1,2,1,1,1,1,2,1,1,1,1,2,2,3,1,3,1,1,4,2,4,3,3,NA,NA,NA,NA,NA,1,1,2,2,3,1,1,1,4,4,4,1,3,1,1,2,4,1,3,1,1,stats
YP,5,3,5,4,4,3,5,5,3,5,4,3,5,5,4,5,3,4,4,4,5,5,4,4,3,5,4,3,3,4,5,5,3,5,4,5,4,3,4,3,4,5,3,4,4,4,5,4,5,5,4,5,5,2,2,2,3,3,1,3,3,2,4,4,5,5,5,5,5,5,5,5,5,4,3,3,4,1,4,5,3,4,3,4,4,3,4,3,4,3,4,3,4,3,4,3,3,4,4,3,4,3,3,1,2,3,3,3,2,1,2,2,4,3,1,3,2,1,2,3,1,4,2,2,NA,NA,NA,NA,NA,3,1,NA,NA,1,2,2,2,3,3,2,2,2,2,3,3,3,3,2,2,3,3,1,2,2,2,maths
Gj51a,4,5,3,3,4,3,3,5,3,5,3,3,3,5,5,1,3,4,1,5,4,5,1,5,5,1,3,3,4,3,4,3,4,3,3,3,1,3,1,5,1,4,1,3,3,4,5,3,5,4,2,5,4,1,3,1,2,1,1,2,1,2,1,4,5,4,5,3,4,4,1,5,4,5,5,5,5,1,3,1,2,3,1,1,2,2,2,1,1,1,1,2,2,1,3,1,1,1,2,1,2,2,1,1,1,2,2,1,1,1,1,2,2,1,1,2,1,1,2,1,1,2,1,1,NA,NA,NA,NA,NA,3,1,2,1,1,1,1,3,1,1,1,1,1,1,2,1,1,2,1,1,1,2,1,2,1,1,maths
AX57H,4,3,4,4,3,3,5,4,1,4,4,2,2,4,4,4,1,1,2,4,2,3,2,2,3,2,2,3,3,2,2,2,1,2,2,2,2,1,2,3,2,2,2,2,3,2,4,2,2,2,2,3,2,1,1,1,1,1,1,1,2,2,1,4,4,4,5,3,5,5,4,4,4,4,4,5,4,2,2,2,4,2,3,3,2,2,1,2,3,3,2,2,3,2,3,3,3,3,3,1,3,3,1,2,1,2,2,1,1,2,1,1,2,3,1,3,1,2,2,2,1,1,1,1,NA,NA,NA,NA,NA,1,1,NA,NA,NA,3,3,1,1,1,1,1,1,1,1,3,2,3,2,2,2,2,2,2,2,1,maths
21898,3,3,2,3,2,3,5,5,1,5,1,1,4,2,5,3,2,4,4,3,4,4,2,5,2,1,2,1,1,3,5,5,1,4,3,5,2,3,4,2,4,3,1,2,4,4,5,5,5,5,4,5,5,1,1,1,1,1,3,2,3,2,2,2,4,4,5,5,5,5,3,5,5,3,1,1,1,4,1,4,2,2,2,1,3,4,4,1,1,1,3,3,3,1,3,1,1,1,4,1,4,1,1,1,1,3,3,4,1,1,1,3,3,3,1,4,1,4,2,3,1,3,1,1,4,1,4,2,1,NA,NA,NA,NA,NA,2,1,2,3,4,1,1,1,1,3,2,2,3,1,3,1,3,1,2,1,1,stats
ed,3,2,2,4,3,4,2,3,5,4,5,3,4,2,5,2,2,5,1,3,4,2,2,3,3,2,2,4,4,3,4,5,3,4,4,4,2,5,5,4,4,3,2,2,4,4,3,3,4,3,4,3,5,2,2,2,4,4,5,5,4,5,5,3,5,5,4,4,5,4,5,4,5,5,5,5,5,3,5,4,5,5,1,2,3,4,1,3,2,3,3,2,4,4,2,4,3,1,2,1,1,4,4,1,3,2,4,1,4,2,1,3,1,4,3,3,2,3,1,1,1,1,2,2,1,2,1,3,1,NA,NA,NA,NA,NA,1,3,3,4,2,3,2,1,3,1,4,3,3,2,3,2,2,1,1,2,3,stats
UB99E,1,1,2,1,1,1,1,5,1,5,1,1,2,1,5,2,1,1,2,1,1,2,2,1,1,2,1,1,1,1,5,5,1,2,1,5,2,1,2,1,1,2,2,1,5,5,5,2,3,5,1,5,5,1,2,1,2,2,1,1,1,1,1,5,5,4,5,2,4,5,2,5,5,2,2,2,3,1,1,1,1,1,3,4,1,1,1,4,1,2,2,4,4,4,2,1,1,2,4,1,4,4,1,1,1,1,1,1,4,1,2,2,3,4,4,4,1,1,3,4,1,4,4,2,4,2,4,4,2,NA,NA,NA,NA,NA,1,1,1,1,3,3,1,2,3,4,4,4,3,1,1,2,4,1,4,3,2,stats
4595,3,3,3,4,4,4,5,5,1,4,3,4,5,3,4,3,3,4,4,2,4,5,3,4,4,4,4,3,1,3,4,4,2,3,4,4,4,5,5,4,4,3,4,5,4,4,4,3,5,5,4,3,2,2,3,2,1,5,1,5,4,5,4,4,4,4,5,4,3,4,4,2,4,2,2,2,2,1,3,4,4,4,2,3,3,4,3,2,1,2,3,3,2,4,4,2,2,4,3,2,3,4,1,1,2,3,4,2,1,2,2,3,2,2,2,3,2,1,4,3,3,2,1,2,NA,NA,NA,NA,NA,3,1,2,3,3,1,4,3,4,1,1,1,1,2,2,3,3,4,2,2,4,4,3,3,2,1,maths
LJ99E,2,3,3,4,3,4,3,4,3,3,3,2,3,3,5,2,4,3,2,3,3,3,3,3,3,3,3,3,3,3,2,2,3,2,3,3,2,3,2,3,3,4,3,3,3,3,3,2,3,5,4,3,3,1,3,3,3,4,3,2,2,2,3,2,3,3,4,3,4,4,4,4,5,4,3,3,2,2,3,3,2,3,2,1,1,1,2,1,1,1,2,1,1,1,1,1,1,1,1,1,1,2,1,1,1,1,1,1,1,2,1,1,1,1,1,1,1,1,1,1,1,1,1,1,NA,NA,NA,NA,NA,1,4,3,3,3,2,1,1,1,1,1,1,1,1,1,1,1,1,1,1,1,1,2,1,2,1,maths
RQ77A,4,4,1,3,4,3,4,4,3,3,2,3,2,3,3,1,1,4,2,4,3,5,2,3,5,1,3,4,5,4,4,4,3,2,4,4,1,4,2,4,4,5,2,5,5,4,5,5,4,5,4,3,2,1,4,4,4,4,1,3,4,5,3,4,5,3,4,4,4,4,5,4,2,4,4,4,4,1,2,3,4,2,2,4,2,1,3,2,3,2,2,2,2,3,2,4,1,3,4,2,3,3,2,1,4,1,1,2,1,1,1,1,2,2,1,1,4,1,3,1,1,1,3,1,2,4,2,3,1,NA,NA,NA,NA,NA,2,3,1,1,1,1,1,1,1,1,4,2,1,3,1,1,1,1,1,3,2,stats
SD22O,4,1,4,3,4,2,5,3,2,1,1,4,3,3,5,4,1,1,4,2,3,4,2,2,3,3,3,3,2,3,3,3,2,4,3,4,4,2,3,3,2,4,1,2,3,3,3,2,3,2,2,3,4,1,2,1,1,1,1,1,1,1,1,3,3,3,5,1,4,4,5,4,5,2,4,3,2,2,2,2,1,1,3,3,4,3,1,2,3,3,3,2,4,2,3,3,3,1,4,2,3,2,1,3,2,4,3,1,2,2,3,2,3,4,2,3,2,3,1,4,2,2,2,1,4,2,1,3,3,NA,NA,NA,NA,NA,2,3,4,3,1,2,2,3,3,3,4,2,3,2,3,1,3,2,3,2,1,stats
604,4,4,4,3,3,4,4,4,2,4,4,3,4,3,4,2,4,3,3,3,4,3,4,4,3,3,3,3,3,4,4,3,3,4,4,5,2,3,3,3,5,3,4,4,4,5,4,4,4,5,4,5,4,2,3,2,2,2,2,4,4,3,3,5,5,2,5,3,5,4,4,5,5,5,5,5,5,3,3,4,4,3,3,2,3,3,4,3,2,2,2,3,2,2,4,3,3,3,4,1,4,3,1,3,2,2,4,2,2,3,3,3,4,2,2,2,2,3,3,3,3,3,3,3,NA,NA,NA,NA,NA,1,2,2,2,3,2,3,3,3,4,3,3,3,3,2,3,3,3,2,3,4,3,2,2,2,2,maths
FF74T,2,1,4,3,4,2,3,3,1,5,4,3,4,1,5,2,2,2,3,1,4,4,1,4,2,2,4,3,2,3,4,5,1,4,3,4,2,2,3,2,5,5,2,3,5,4,5,3,4,5,5,5,4,1,4,1,2,3,1,3,5,2,3,2,5,3,5,3,5,5,4,5,5,4,3,4,4,1,3,4,4,4,2,2,3,3,3,3,2,3,3,3,2,1,3,2,2,2,2,3,3,3,2,1,1,1,2,3,1,1,1,2,2,2,1,2,1,1,2,2,1,1,1,1,4,2,2,3,3,NA,NA,NA,NA,NA,2,2,2,2,3,1,2,1,1,1,2,1,2,1,1,2,1,1,1,2,3,stats
AJ69E,4,4,5,5,3,4,4,5,2,4,4,4,5,3,4,5,1,3,5,4,5,4,5,4,3,5,5,3,3,3,5,5,3,5,3,4,5,4,5,3,5,4,4,4,5,4,5,5,5,5,5,5,4,1,4,3,4,4,1,3,3,4,3,4,5,5,5,5,5,5,5,5,5,3,3,3,3,1,4,4,4,3,4,3,4,4,4,2,2,3,4,4,4,4,4,2,3,4,4,3,4,3,2,1,2,3,1,4,1,1,1,1,1,3,1,2,1,1,3,2,1,2,1,1,2,2,4,4,4,NA,NA,NA,NA,NA,1,2,3,1,2,1,1,2,4,3,4,1,1,1,1,2,3,2,2,1,1,stats
FF83L,1,1,4,2,2,1,1,2,2,4,1,1,2,1,3,5,1,2,4,1,2,3,2,1,1,4,2,1,1,2,3,4,1,3,2,4,4,1,4,1,1,3,1,1,2,2,4,1,1,2,1,3,3,1,1,1,1,1,1,1,1,1,1,2,2,3,4,1,1,4,2,4,4,1,4,2,1,1,1,1,1,2,3,1,2,2,1,1,1,2,1,1,1,2,1,1,1,3,1,2,2,2,2,1,1,1,2,2,1,1,1,1,2,1,1,2,1,1,3,1,1,1,2,2,NA,NA,NA,NA,NA,3,1,2,1,1,1,1,1,1,1,1,1,1,1,1,1,1,1,1,1,1,1,1,1,1,1,maths
SF71R,4,4,5,5,4,4,5,5,4,5,5,3,5,3,5,4,5,3,5,5,5,5,3,5,4,3,5,4,3,4,5,4,1,5,5,5,3,4,3,2,5,4,1,5,5,4,5,3,3,5,5,5,5,1,1,1,3,3,1,5,4,4,3,5,5,5,5,5,5,5,5,5,5,5,5,3,5,5,5,5,4,5,2,4,4,4,4,2,4,4,4,4,4,2,4,4,2,1,3,2,4,3,4,2,3,4,4,2,1,2,4,4,4,4,1,4,4,1,1,3,1,4,1,3,4,1,4,NA,4,NA,NA,NA,NA,NA,4,3,4,4,3,2,4,4,4,4,4,3,4,3,1,1,3,4,3,3,4,stats
PD50N,1,1,4,1,2,2,1,3,1,3,2,1,3,2,2,4,1,2,4,2,1,2,4,1,2,4,1,2,1,1,3,3,1,3,2,2,4,1,4,2,1,4,4,1,2,3,3,2,2,4,3,3,3,1,1,1,1,1,1,1,1,2,1,1,2,3,3,3,3,3,3,3,3,1,1,1,1,1,1,1,2,1,1,1,2,2,3,1,1,1,2,2,2,1,2,1,1,2,2,1,2,1,1,1,1,1,2,2,1,1,1,2,1,2,1,1,1,1,1,1,1,2,1,1,NA,NA,NA,NA,NA,3,1,2,3,1,1,1,1,3,3,1,1,1,2,1,3,1,2,1,1,1,1,1,2,1,1,maths
AA99H,3,2,2,2,2,2,3,4,1,5,2,1,3,3,4,2,2,1,2,2,1,1,3,2,2,2,2,2,2,3,3,4,1,3,2,4,2,1,2,2,2,2,2,2,2,3,4,2,3,3,2,3,3,1,1,1,1,1,1,2,2,1,1,3,4,4,5,3,3,4,4,3,4,1,1,1,1,1,1,2,1,2,2,3,2,2,2,2,2,1,2,3,2,2,3,2,1,2,2,1,2,3,3,1,2,1,1,2,1,2,1,1,2,2,2,2,3,1,2,2,1,2,1,2,4,1,2,2,1,NA,NA,NA,NA,NA,1,2,1,2,2,1,1,1,2,2,2,2,1,2,1,1,2,1,1,1,1,stats
ae46i,5,4,4,3,5,5,5,5,2,5,4,4,5,5,5,4,3,5,5,5,4,5,4,5,5,4,5,5,5,5,5,5,4,5,5,5,4,5,4,5,3,5,4,4,5,5,5,5,5,5,5,5,5,1,1,1,1,3,2,4,3,4,2,4,5,5,5,5,5,5,5,5,5,5,3,3,4,2,4,4,5,3,4,3,4,2,3,4,4,3,4,4,4,4,3,4,3,4,4,4,4,4,3,3,3,3,2,1,3,3,3,3,3,2,3,3,3,2,2,2,3,2,3,2,2,3,2,4,4,NA,NA,NA,NA,NA,3,3,3,2,2,2,3,3,3,3,3,3,2,3,2,2,3,3,2,3,2,stats
Gr24m,3,1,4,3,4,4,4,5,4,5,3,4,5,5,4,4,4,4,3,4,4,3,3,3,4,3,3,3,3,3,4,4,3,3,3,5,2,1,4,3,3,4,3,5,5,4,4,4,4,2,4,4,3,4,3,4,3,4,5,3,5,4,4,2,4,5,4,3,4,5,4,3,4,2,3,3,3,1,3,4,2,2,3,3,1,1,1,3,1,2,1,2,2,2,1,3,2,1,3,1,2,2,1,3,4,3,3,3,4,2,1,2,3,3,1,2,3,3,3,3,1,4,1,3,NA,NA,NA,NA,NA,3,2,3,2,2,4,3,4,3,3,3,1,4,4,4,2,4,4,3,2,4,3,3,3,2,2,maths
hf62a,5,3,4,4,4,3,3,5,1,5,4,2,5,3,5,4,3,2,3,4,5,4,3,5,4,4,4,4,2,4,5,5,4,4,4,5,5,2,4,4,4,5,4,4,5,5,5,5,5,5,5,4,5,1,5,2,3,4,2,1,5,3,4,4,5,5,5,5,5,5,5,5,5,4,4,3,5,4,4,5,4,4,2,2,2,3,1,1,1,1,2,2,1,1,2,1,1,1,3,1,2,1,1,1,1,1,2,1,1,1,1,2,2,1,1,1,1,1,1,1,1,1,1,1,NA,NA,NA,NA,NA,3,3,2,3,2,1,2,1,2,1,1,1,1,1,1,1,1,1,1,1,1,1,1,1,1,1,maths
SL01o,2,3,2,2,2,2,3,2,2,2,2,2,2,3,3,2,1,1,2,2,3,2,2,2,2,2,1,2,2,2,2,2,1,2,1,2,2,1,2,2,3,2,2,2,3,2,3,2,2,2,1,2,2,1,2,2,1,2,1,1,2,1,1,2,3,1,3,3,2,2,1,3,3,2,1,1,2,1,2,2,1,2,3,2,1,2,1,2,2,2,2,2,1,2,2,2,2,2,1,3,2,3,3,1,1,1,1,1,1,1,1,1,1,1,1,1,1,1,1,2,1,1,1,1,NA,NA,NA,NA,NA,3,2,2,2,1,1,1,3,3,3,1,1,1,2,1,3,1,2,1,1,2,1,1,2,1,1,maths
JN05A,4,4,4,4,3,3,4,5,1,5,3,3,4,4,5,4,1,4,5,4,4,5,5,4,3,4,4,3,3,3,5,5,1,5,3,5,4,4,5,3,3,5,5,3,5,4,5,4,5,5,4,5,5,1,3,4,3,3,1,3,4,3,3,4,5,5,5,4,4,5,4,5,5,4,3,3,3,1,4,3,4,5,4,3,4,4,4,3,2,2,4,3,4,4,3,2,4,2,4,2,4,4,4,3,3,4,4,4,3,2,2,3,3,3,4,3,2,3,2,3,2,3,3,4,NA,NA,NA,NA,NA,3,1,NA,NA,NA,3,1,3,3,3,3,1,1,3,3,1,2,3,1,1,1,2,3,3,4,2,maths
FL67A,3,4,5,4,5,4,4,5,3,5,4,4,4,4,4,5,3,3,5,2,4,4,5,4,3,5,4,5,4,5,4,4,4,3,2,4,5,2,5,4,3,2,5,2,4,4,5,3,3,5,4,4,3,2,3,2,2,2,1,4,4,3,3,4,5,4,5,3,4,5,4,5,3,5,5,5,5,2,3,4,4,4,1,3,1,4,1,1,1,1,2,2,1,1,2,1,2,1,2,1,2,1,1,1,1,1,1,1,1,1,1,1,2,1,1,1,1,1,1,1,1,1,2,1,1,2,NA,NA,NA,NA,NA,NA,NA,NA,1,1,2,3,1,1,1,1,3,2,3,1,1,1,1,1,3,1,1,2,1,stats
HU28N,5,5,4,5,5,5,5,5,5,4,4,5,5,4,5,4,4,5,5,5,5,5,5,5,5,4,5,5,5,5,5,5,4,5,4,4,4,5,5,5,5,3,5,4,5,5,5,4,5,5,5,5,5,3,3,3,4,5,4,5,5,5,3,5,5,5,5,5,5,5,5,5,5,5,5,5,5,3,4,5,5,4,4,4,4,3,3,4,4,4,4,4,4,4,4,4,4,4,4,4,4,4,3,3,4,2,2,2,3,1,1,2,4,3,3,3,3,2,4,4,3,4,2,2,1,2,1,NA,NA,NA,NA,NA,NA,NA,4,4,4,3,4,3,1,3,3,4,4,4,3,3,2,4,4,4,4,2,2,stats
HF25A,4,4,4,5,4,4,3,5,4,4,3,3,3,3,5,4,4,4,5,4,4,3,5,3,3,2,5,3,4,3,4,4,3,5,4,5,4,1,3,4,4,2,3,4,5,4,4,3,4,5,5,4,3,1,1,3,4,4,2,4,5,4,4,5,5,5,5,5,5,5,5,5,5,5,5,5,5,2,5,5,5,5,4,2,3,4,3,4,3,3,4,4,3,4,4,2,3,4,4,3,3,3,3,1,1,1,1,1,1,1,1,1,2,1,1,1,1,1,1,2,1,1,1,1,1,3,1,2,1,NA,NA,NA,NA,NA,4,3,4,4,4,4,4,4,4,4,4,3,4,4,4,4,4,4,4,4,4,stats
QP83O,2,2,1,2,2,3,4,4,2,3,2,3,4,3,4,1,1,3,4,4,2,5,3,3,3,2,2,2,2,2,5,3,5,4,2,3,1,4,5,3,4,5,2,2,5,3,5,2,3,4,4,5,5,1,2,2,2,2,1,1,2,3,1,2,5,3,5,3,4,4,4,5,5,5,2,4,4,1,2,2,3,2,3,2,3,4,1,3,1,2,2,4,3,3,3,1,2,1,4,2,3,3,2,2,1,2,3,1,2,1,1,2,2,2,1,2,1,1,1,2,2,2,3,1,NA,NA,NA,NA,NA,3,1,NA,NA,2,3,2,1,1,1,2,1,1,2,1,1,1,1,1,1,1,1,2,1,2,1,maths
ES19O,5,5,5,5,5,4,4,5,3,5,5,5,5,4,5,5,3,5,5,5,5,5,4,4,4,4,5,4,4,5,5,5,3,5,5,5,5,5,4,3,4,5,5,4,5,4,5,3,5,5,4,5,5,3,4,3,2,3,2,2,3,4,4,4,5,5,5,5,4,5,5,5,5,5,3,5,4,2,2,5,3,5,4,3,4,4,4,4,4,4,3,4,3,4,4,2,4,4,4,4,3,3,4,1,1,2,3,2,1,2,1,4,2,3,1,3,1,1,2,2,1,2,1,1,NA,NA,NA,NA,NA,1,2,3,1,2,4,4,4,4,4,2,4,4,4,4,4,4,4,3,2,4,3,4,4,4,4,maths
sa29a,3,3,3,3,3,3,4,3,2,2,4,3,3,5,3,3,3,2,3,3,5,3,3,3,2,2,3,3,2,2,4,4,5,2,2,2,3,2,5,2,3,4,4,3,5,4,5,3,3,4,5,4,3,1,3,1,3,2,3,4,3,4,3,5,5,5,5,3,4,3,5,4,5,5,5,5,5,3,4,5,5,3,1,1,2,1,1,1,1,1,2,2,3,1,1,1,1,3,2,1,2,1,1,1,1,1,1,1,1,1,1,1,1,2,1,1,1,1,1,1,1,1,1,1,NA,NA,NA,NA,NA,1,1,2,1,2,3,1,1,1,3,1,1,1,1,1,3,1,3,1,1,1,1,3,1,1,2,maths
XG12E,4,4,3,3,4,4,4,5,3,4,3,4,4,3,4,3,3,4,4,4,4,3,4,3,3,3,4,4,3,4,4,4,3,4,4,4,3,4,4,4,4,4,4,2,3,3,4,2,3,3,3,3,4,2,2,2,2,2,2,2,3,3,2,4,4,4,4,4,4,4,4,3,5,4,4,4,4,3,4,3,3,4,2,2,3,2,2,1,3,1,3,3,2,3,2,1,2,3,3,1,3,2,1,1,1,1,2,1,1,1,1,1,2,2,1,1,1,1,2,2,1,2,1,1,2,3,4,4,NA,NA,NA,NA,NA,NA,2,1,2,2,3,1,1,1,2,2,3,1,2,1,1,2,3,1,3,3,1,stats
he55b,5,3,2,4,4,1,4,5,2,5,2,4,4,1,4,2,2,2,2,4,3,3,2,4,2,3,4,3,3,4,5,5,1,4,4,4,3,3,2,2,3,3,2,3,4,4,5,4,5,5,4,5,5,2,1,2,3,3,1,2,3,2,2,4,4,4,5,4,4,5,4,5,5,5,4,3,3,1,2,2,3,3,1,1,3,2,3,2,2,1,3,4,3,3,3,3,3,3,3,2,3,1,1,1,3,1,1,2,1,1,1,3,3,3,3,1,3,3,1,1,1,1,1,1,4,2,4,3,4,NA,NA,NA,NA,NA,1,3,3,1,1,2,1,1,4,1,4,4,3,3,3,1,3,1,1,1,1,stats
EA40I,5,5,3,5,5,5,5,5,3,5,5,5,3,5,5,3,2,3,3,5,5,4,3,5,5,4,4,4,5,4,5,5,1,4,5,5,3,5,4,5,5,3,3,5,5,5,5,3,4,5,5,5,5,1,3,4,3,4,3,5,5,4,5,5,5,5,5,5,4,5,5,5,5,5,5,5,5,3,5,5,4,5,3,3,2,4,4,3,2,3,3,4,4,3,4,3,4,4,4,3,4,3,4,2,3,3,4,4,4,4,2,4,3,3,1,4,2,2,4,4,1,4,2,2,4,1,1,3,2,NA,NA,NA,NA,NA,4,3,4,4,4,4,3,3,4,3,4,3,4,3,3,4,4,3,4,3,3,stats
ah25h,2,1,3,4,3,1,4,4,2,4,2,4,5,1,4,3,2,4,4,2,3,3,4,2,1,4,5,2,2,5,5,4,1,5,5,5,4,5,5,3,5,4,4,4,5,4,4,4,4,4,4,5,5,2,2,2,3,3,2,5,3,5,2,3,4,3,4,3,3,5,3,4,4,1,1,1,1,3,2,2,3,2,3,1,4,1,1,2,4,4,3,4,2,3,3,2,2,3,3,2,4,2,4,1,1,2,1,1,1,1,1,2,3,1,1,1,1,1,1,3,1,2,1,1,NA,NA,NA,NA,NA,3,1,NA,NA,NA,1,3,3,2,1,1,1,1,1,3,3,2,2,2,3,1,3,2,2,1,3,maths
FE55E,3,3,1,3,3,2,3,3,1,3,3,3,2,4,2,1,1,3,1,4,2,3,1,3,4,1,3,3,2,3,5,2,1,3,2,1,1,2,1,2,2,3,1,2,3,4,4,3,3,4,3,3,5,1,2,2,2,2,1,2,2,1,1,2,3,5,5,3,3,4,3,4,5,3,4,4,4,1,2,3,2,3,2,1,2,3,2,1,1,2,2,3,2,2,1,1,1,3,3,2,2,2,1,1,1,3,3,2,1,1,1,2,2,2,2,2,1,1,3,3,1,3,1,1,4,4,2,4,2,NA,NA,NA,NA,NA,2,1,3,3,3,1,1,2,2,2,3,1,2,1,1,3,3,2,3,2,3,stats
QN44L,2,1,1,2,2,2,4,3,1,1,1,3,2,1,3,1,1,1,1,3,1,1,1,2,1,1,2,1,1,2,3,1,1,2,1,2,1,1,2,2,1,1,2,3,2,3,4,2,3,3,1,4,3,1,1,1,1,2,1,2,1,2,1,2,4,3,4,2,3,4,1,3,3,2,1,2,1,1,2,1,2,1,1,1,2,3,1,1,1,1,3,2,2,1,1,1,1,1,1,1,1,2,1,1,1,2,3,1,1,1,1,3,2,2,1,1,1,1,1,1,1,1,1,1,NA,NA,NA,NA,NA,3,2,3,3,4,1,1,1,3,1,1,1,1,3,2,2,1,1,1,1,1,1,1,1,1,1,maths
BP89E,5,3,5,5,1,3,3,5,1,5,5,5,5,1,5,5,1,4,5,3,5,5,3,5,3,5,5,1,3,4,5,5,1,5,2,5,5,5,5,3,5,5,3,5,5,5,5,4,5,5,5,5,5,1,5,5,5,5,1,3,5,3,5,5,5,5,5,4,5,5,5,5,5,5,5,5,5,1,3,4,3,4,3,1,4,4,3,1,1,1,4,4,3,2,4,1,1,4,4,2,4,2,2,2,1,3,2,2,1,1,1,3,3,2,1,3,1,1,3,3,2,3,1,1,4,2,1,4,1,NA,NA,NA,NA,NA,3,2,4,4,3,1,1,1,3,3,3,2,4,1,1,3,4,2,3,1,2,stats
RP16U,5,4,5,4,2,4,2,5,2,5,2,3,3,2,5,5,1,2,4,3,5,4,4,4,4,5,4,3,4,4,4,5,1,4,3,5,5,3,5,4,4,4,4,4,5,3,5,4,5,5,5,5,5,2,3,2,3,4,2,4,5,5,4,4,5,4,5,3,5,5,4,4,5,4,3,3,3,3,4,4,5,4,4,3,3,4,4,3,3,2,3,4,4,3,4,3,3,4,4,4,4,3,3,3,2,1,3,3,1,1,1,1,3,4,1,2,1,2,3,2,2,3,1,1,NA,NA,NA,NA,NA,3,3,4,1,1,2,1,1,3,3,1,1,1,2,3,4,2,2,1,2,4,3,2,3,2,2,maths
QN18EY,3,3,3,4,4,1,4,5,1,4,2,3,5,5,3,3,2,3,2,1,3,3,2,2,3,3,3,3,3,3,4,4,1,5,2,3,3,4,3,2,3,3,1,3,3,3,5,3,4,4,2,4,5,1,1,1,2,2,1,1,3,1,1,2,5,5,5,3,5,5,3,5,5,5,5,5,5,1,1,3,1,2,2,1,2,4,4,1,1,2,3,4,4,2,4,1,2,3,4,1,2,2,3,1,1,1,1,2,1,1,1,1,2,1,1,1,1,1,1,2,1,2,1,2,4,2,1,4,NA,NA,NA,NA,NA,NA,3,3,1,1,2,1,1,2,1,1,3,1,2,2,4,1,3,4,2,3,4,stats
rj33a,4,4,4,3,4,3,4,4,3,4,3,4,3,4,5,4,2,4,4,4,4,4,4,3,3,4,4,3,3,4,5,5,1,3,3,4,4,2,4,3,2,5,4,3,4,4,4,2,3,4,3,4,4,1,4,3,4,4,1,2,2,2,2,4,5,5,5,2,3,5,4,5,5,4,3,4,4,1,3,2,2,3,3,2,2,3,1,3,2,2,3,2,1,3,2,3,3,2,2,1,3,2,3,1,1,1,1,1,1,1,1,1,1,1,1,1,1,1,1,1,1,1,1,1,NA,NA,NA,NA,NA,1,1,2,2,2,3,2,1,2,1,1,1,1,1,1,1,2,1,1,2,1,1,2,1,3,3,maths
SP31S,4,2,4,5,3,3,5,5,5,5,5,5,3,3,5,4,5,5,3,5,5,3,4,3,2,3,4,3,3,3,4,4,2,3,4,5,3,4,3,3,5,3,3,3,5,5,5,4,4,4,5,5,5,1,1,1,1,2,1,2,5,4,3,2,3,4,4,3,4,5,5,4,5,4,3,4,3,4,3,4,3,3,1,3,4,2,1,1,3,2,3,4,3,2,3,1,1,4,4,1,4,3,2,1,3,3,1,1,1,3,2,2,3,3,2,2,1,1,3,3,1,3,2,2,NA,NA,NA,NA,NA,3,1,4,4,NA,3,3,4,1,1,1,2,3,3,3,3,1,3,2,1,1,4,1,4,3,1,maths
JA35I,3,3,3,3,3,2,3,4,3,4,2,3,3,3,4,3,2,2,3,3,3,3,3,3,3,4,2,3,3,2,5,4,2,3,3,4,3,3,4,2,3,3,3,3,4,4,5,3,4,4,4,5,4,3,2,2,3,3,3,2,3,2,3,3,3,4,4,3,4,4,3,5,4,4,3,3,3,3,3,3,2,3,3,2,3,3,2,3,2,3,3,4,3,3,3,1,3,3,3,2,4,2,1,2,2,2,3,2,2,3,1,2,3,3,2,3,1,2,3,3,2,3,2,1,NA,NA,NA,NA,NA,3,1,NA,3,2,3,3,2,3,3,3,3,2,2,3,3,2,2,2,2,3,2,3,4,2,1,maths
AG18,4,4,3,3,3,3,4,4,4,4,3,4,4,3,3,3,3,3,3,3,3,4,3,2,3,3,3,2,3,2,3,2,3,3,3,2,3,2,2,3,2,3,3,3,3,3,3,2,2,3,2,4,4,2,3,2,2,2,2,3,2,2,2,3,4,4,4,3,3,4,4,5,5,4,4,4,4,2,3,2,3,3,2,2,2,3,2,2,3,2,3,3,3,2,2,2,3,3,3,2,3,2,2,1,1,1,1,1,1,1,1,1,2,1,1,1,1,1,2,2,1,2,1,1,NA,NA,NA,NA,NA,3,4,4,2,1,3,2,2,2,2,2,2,2,2,2,3,3,2,2,2,2,2,2,2,2,3,maths
LA80A,4,4,5,5,5,4,5,5,3,5,2,3,5,4,5,5,2,2,5,4,5,4,4,5,2,5,4,5,4,4,5,5,2,5,5,5,5,1,5,4,5,2,5,4,5,5,5,3,5,5,5,5,5,1,3,4,4,4,1,3,4,2,4,5,5,5,5,3,5,5,5,5,5,4,3,4,4,1,3,5,4,5,3,4,4,4,4,1,1,4,3,3,4,1,4,3,3,1,3,1,4,3,4,1,3,3,3,2,1,1,1,3,3,3,1,4,4,1,4,3,1,3,1,4,NA,NA,NA,NA,NA,1,1,2,3,2,1,4,3,4,3,1,3,1,3,2,4,2,3,3,4,2,4,2,1,4,4,maths
QR25A,4,5,5,4,5,3,4,5,1,5,4,3,5,4,5,5,3,3,5,4,4,4,4,4,2,4,3,3,3,4,5,5,1,4,3,5,4,1,3,3,4,4,3,4,5,4,5,4,4,5,4,5,4,1,4,2,4,3,2,2,4,4,2,4,5,4,5,3,4,5,4,4,4,5,5,3,3,1,3,3,3,2,2,3,2,4,4,2,2,1,2,2,3,2,1,1,2,1,4,2,2,2,2,1,1,1,2,1,1,1,1,1,1,1,1,1,1,1,1,2,1,1,1,1,4,1,1,1,2,NA,NA,NA,NA,NA,2,3,2,2,3,1,1,1,1,3,4,1,1,1,1,1,4,1,3,1,1,stats
JE02A,3,3,1,2,3,4,5,4,2,5,4,3,4,3,4,1,2,4,4,3,4,4,2,4,4,1,2,2,4,4,4,5,2,4,4,5,1,3,3,3,2,4,2,3,4,4,4,4,4,4,5,5,4,2,2,3,3,3,2,2,3,2,2,4,4,4,4,4,4,4,4,5,4,2,2,2,5,2,3,3,3,3,3,2,2,4,2,2,3,3,2,3,3,3,2,3,2,2,4,2,2,3,3,1,1,2,4,1,1,1,1,2,3,2,1,1,1,1,2,3,1,2,1,1,NA,NA,NA,NA,NA,2,1,2,1,2,1,1,1,1,2,1,1,1,1,2,2,1,1,1,1,1,2,1,3,2,1,maths
NE61A,3,2,1,5,5,1,4,5,1,1,1,4,1,5,2,1,1,2,1,2,2,1,1,4,4,1,5,4,1,2,5,2,1,2,5,1,1,5,1,2,4,1,1,3,4,5,5,3,3,3,3,5,4,1,2,1,1,1,1,1,3,1,1,3,5,4,5,5,3,3,4,5,5,3,3,3,3,1,1,1,1,1,4,1,3,4,1,2,1,3,3,3,1,4,1,1,1,1,2,1,1,3,1,1,4,2,4,1,1,1,1,1,1,1,1,1,1,1,2,3,1,1,1,1,NA,NA,NA,NA,NA,3,1,2,4,2,1,3,2,3,1,1,1,1,1,1,2,2,1,1,1,1,2,1,2,1,1,maths
LH25L,4,3,5,4,3,2,4,5,2,5,2,4,3,3,5,4,5,3,5,2,4,4,3,4,2,4,4,2,2,3,5,5,3,3,3,5,4,3,3,2,4,2,3,3,5,4,5,3,4,5,2,5,5,2,2,2,2,2,2,3,3,3,2,4,5,4,5,4,5,5,2,5,5,4,3,2,3,3,3,4,4,4,2,1,1,2,3,1,1,1,2,3,1,1,3,1,1,1,3,1,3,2,1,1,1,1,2,1,1,1,1,2,2,1,1,2,1,1,1,2,1,2,1,1,NA,NA,NA,NA,NA,3,1,4,NA,NA,1,1,1,1,1,1,1,1,1,1,1,1,1,1,1,1,1,1,1,1,1,maths
jq81a,5,2,3,5,3,2,5,5,1,2,3,3,4,4,4,3,1,1,4,3,4,3,4,5,3,3,4,2,4,2,5,4,1,4,1,4,3,2,4,3,4,3,2,5,5,3,5,5,5,5,4,5,4,1,1,2,2,3,1,2,2,2,2,5,5,3,5,5,4,5,4,5,5,3,5,5,2,1,2,3,2,3,2,2,3,4,1,3,3,2,3,4,3,1,4,2,3,4,4,1,3,4,3,1,2,3,3,2,1,1,1,3,4,3,1,3,1,3,4,4,1,3,2,1,NA,NA,NA,NA,NA,3,1,3,2,3,1,1,4,4,3,2,2,2,4,4,3,1,4,1,2,4,4,1,4,2,2,maths
EQ30A,4,4,2,4,3,3,4,5,3,5,3,4,2,3,5,2,1,1,4,5,4,4,4,2,4,1,2,2,4,4,5,4,2,4,3,3,1,2,4,4,3,5,4,3,5,4,5,2,4,4,4,4,4,1,1,1,1,2,1,2,3,2,2,1,5,5,5,3,4,5,4,5,4,4,3,3,3,1,3,4,3,2,2,3,3,3,1,1,1,2,4,4,3,3,4,2,2,4,4,2,4,3,4,2,4,3,3,2,1,1,2,4,4,3,3,4,2,2,4,4,2,4,2,4,NA,NA,NA,NA,NA,3,1,3,3,1,3,1,1,1,1,1,1,1,2,1,1,2,2,1,1,3,2,1,2,2,4,maths
2591H,2,2,5,4,2,2,3,4,3,4,4,3,4,2,4,5,2,1,5,3,2,1,4,2,3,5,4,3,2,3,3,4,1,5,2,5,5,1,4,2,2,1,4,2,4,3,4,2,4,4,2,5,4,1,1,1,1,1,1,1,2,1,3,3,4,4,5,3,4,5,4,4,5,5,5,1,3,1,2,2,1,2,2,1,3,4,3,1,1,1,1,2,1,4,3,1,3,1,2,2,3,3,4,1,1,3,4,3,1,1,1,1,3,1,1,3,1,2,1,1,2,2,1,2,4,1,4,1,NA,NA,NA,NA,NA,NA,3,1,1,1,1,1,1,2,1,1,3,1,2,1,2,1,1,3,1,3,3,stats
BN90A,3,2,1,3,2,2,3,5,2,4,2,2,3,2,4,1,2,2,2,2,2,4,1,2,2,1,3,2,2,2,4,4,2,3,2,4,1,2,2,2,2,4,1,2,5,3,5,4,5,5,3,4,5,1,2,1,2,2,1,2,2,2,1,2,4,3,5,3,4,4,3,5,3,3,4,3,4,1,2,2,2,1,2,1,2,3,2,1,1,2,3,3,2,1,3,1,1,3,3,2,3,2,2,1,1,2,3,2,1,1,1,3,4,1,1,3,1,1,3,4,1,3,1,1,2,2,4,4,1,NA,NA,NA,NA,NA,1,1,1,3,1,1,1,1,2,2,3,1,3,1,1,4,3,1,2,2,1,stats
Sf00a,5,3,5,4,1,5,5,5,4,5,1,3,4,1,5,5,2,2,5,4,5,3,5,5,4,5,4,1,4,5,5,5,1,4,3,3,5,3,5,4,5,3,5,4,5,5,5,3,3,3,5,5,5,1,1,2,5,4,1,3,5,3,4,5,5,5,5,4,4,5,5,5,5,5,5,5,5,1,3,5,5,2,4,4,4,4,4,1,3,4,4,4,3,4,4,2,2,4,4,3,4,4,3,4,2,4,4,4,1,2,3,4,4,3,4,4,2,2,4,4,3,4,3,2,NA,NA,NA,NA,NA,3,4,NA,NA,NA,4,2,4,4,4,2,2,3,4,4,3,4,4,3,2,4,4,3,4,4,2,maths
LN72E,5,2,3,5,2,1,5,5,2,5,4,2,4,4,5,3,3,2,2,3,5,4,2,5,1,2,4,3,1,3,5,4,1,3,2,5,2,1,2,1,5,4,2,3,5,3,5,4,5,5,5,5,5,1,1,1,1,2,1,2,5,3,2,3,5,4,5,4,5,5,5,5,5,4,4,2,4,1,1,5,2,2,3,2,3,2,1,1,2,3,2,2,4,1,3,1,1,4,4,2,4,3,2,2,1,1,2,1,1,2,1,1,2,2,1,1,1,1,2,3,1,2,2,1,NA,NA,NA,NA,NA,3,1,NA,NA,NA,3,2,3,1,4,1,1,1,1,2,3,1,1,1,1,3,1,2,1,3,1,maths
RU87L,3,2,1,2,3,3,3,4,1,3,2,2,2,2,4,1,1,1,2,3,2,3,1,3,2,1,2,2,2,2,4,2,1,2,2,4,1,1,1,2,2,3,1,2,3,3,4,4,3,4,3,4,3,1,1,1,2,1,1,1,3,1,2,2,3,3,4,3,4,4,4,3,2,2,2,1,2,1,1,1,1,2,2,3,2,3,2,2,2,2,3,2,2,2,2,2,2,2,2,2,3,2,2,3,3,3,2,2,2,2,2,3,2,2,3,2,3,2,3,3,2,2,2,2,NA,NA,NA,NA,NA,1,1,2,3,1,1,1,1,1,1,1,1,1,1,1,1,1,1,1,1,1,1,1,1,1,1,maths
GS44M,5,3,4,4,4,3,4,5,2,4,3,4,4,2,5,4,2,3,4,2,3,5,4,4,2,4,2,2,2,2,4,5,1,3,2,5,4,3,4,2,2,5,3,4,4,2,5,4,5,5,4,4,4,1,2,1,1,2,2,3,2,2,3,4,5,3,5,5,5,5,4,5,5,5,4,4,2,2,3,3,3,4,3,3,3,3,2,2,3,3,2,3,4,3,4,1,3,3,4,3,3,4,3,1,2,3,3,3,1,2,2,1,3,4,1,3,1,1,3,3,1,3,1,1,4,2,4,NA,NA,NA,NA,NA,NA,NA,4,2,2,3,3,3,3,4,1,4,4,2,4,1,1,2,4,3,3,2,3,stats
BD 70 Y,3,5,2,3,3,5,4,5,4,5,1,3,5,4,5,2,1,5,4,5,4,3,4,3,5,2,3,2,5,3,4,5,1,5,3,4,2,3,4,4,3,3,4,2,1,1,4,2,2,3,3,4,2,1,1,1,1,1,1,3,3,3,1,1,5,3,5,4,5,5,5,5,5,2,1,1,4,1,2,3,3,2,1,2,4,4,1,1,1,2,4,4,3,1,4,1,1,4,4,1,4,2,1,1,1,3,3,1,1,1,2,2,2,3,1,4,3,1,4,4,1,3,1,1,NA,NA,NA,NA,NA,3,1,1,NA,1,2,2,4,4,1,2,2,1,4,1,2,1,4,4,1,1,1,1,1,2,1,maths
ng31o,4,3,3,2,3,3,4,4,3,4,3,2,2,2,5,1,2,1,4,2,3,2,1,4,1,1,3,3,2,2,4,4,1,2,2,4,1,1,1,3,4,2,2,2,3,4,4,4,4,4,3,4,3,1,1,1,1,1,1,1,3,1,1,4,5,5,5,4,4,5,4,4,4,3,3,3,3,1,1,3,1,3,3,3,3,4,2,1,2,2,1,3,2,1,4,2,2,2,3,2,3,4,2,2,2,3,4,2,1,1,2,3,3,1,1,4,1,2,2,3,2,3,4,2,4,1,4,3,2,NA,NA,NA,NA,NA,2,2,3,4,4,1,1,1,3,3,2,1,4,1,2,3,3,1,3,4,3,stats
0050A,2,4,4,4,4,4,4,3,3,5,4,2,4,4,4,3,3,3,4,3,4,3,4,2,2,3,3,4,3,2,3,3,3,4,3,3,3,3,3,3,3,2,3,2,3,3,4,2,2,3,3,3,4,2,1,1,2,2,2,4,4,2,3,3,5,4,5,3,4,5,4,4,5,4,4,4,4,2,4,3,4,3,4,3,3,3,2,3,2,3,3,3,3,3,3,3,3,3,3,3,3,2,2,3,2,3,2,2,3,3,2,2,2,3,2,2,2,3,2,2,3,2,2,2,2,4,4,3,NA,NA,NA,NA,NA,NA,4,3,3,3,3,4,3,3,4,3,4,2,3,3,4,3,3,4,2,2,3,stats
sf50a,3,2,4,3,4,2,3,5,2,5,3,2,4,1,5,3,1,1,4,3,2,3,2,4,4,3,4,2,1,3,5,5,1,4,3,5,2,1,3,3,3,4,3,5,5,5,5,5,5,5,5,5,5,2,3,2,4,4,1,2,4,3,4,5,5,5,5,5,5,5,5,5,5,3,2,2,2,1,2,5,3,4,3,3,4,2,3,2,3,3,3,4,2,4,3,3,3,2,4,2,3,3,3,1,2,3,2,1,1,2,1,1,3,1,1,1,1,1,4,3,1,2,1,1,NA,NA,NA,NA,NA,3,1,4,NA,NA,3,3,2,1,4,1,1,3,2,2,3,1,1,1,3,2,3,3,2,2,1,maths
sf36z,5,5,5,5,5,5,5,5,3,5,5,3,5,5,5,5,5,5,5,5,4,5,4,4,4,2,4,4,2,4,4,3,3,4,2,4,2,4,2,4,3,4,3,2,3,2,4,2,4,3,2,3,2,1,1,1,1,1,1,1,1,1,1,5,5,5,5,5,5,5,5,5,5,5,5,4,5,4,3,5,4,4,2,1,3,3,1,2,1,2,1,3,2,1,3,1,1,1,3,1,2,3,3,1,1,4,1,1,1,1,1,4,3,1,1,3,1,1,1,3,1,1,1,1,NA,NA,NA,NA,NA,1,1,2,3,2,1,1,3,1,1,1,1,1,1,1,1,1,1,1,1,1,3,1,1,1,2,maths
sf40a,3,2,1,3,2,1,3,4,1,4,3,2,4,2,4,1,2,1,1,3,2,2,1,4,2,1,3,1,1,3,4,4,1,3,3,4,1,1,1,3,3,1,1,3,4,4,5,4,5,5,4,5,4,1,3,1,1,2,1,1,3,1,2,3,4,4,5,3,4,4,4,5,4,2,2,2,2,1,1,3,1,3,2,4,2,2,3,1,2,3,3,3,4,4,2,4,1,3,3,2,3,1,2,1,3,1,2,1,1,1,1,2,3,2,1,2,1,1,3,3,1,3,1,1,4,3,4,2,1,NA,NA,NA,NA,NA,2,3,2,1,2,1,1,2,1,3,3,3,2,2,1,3,3,1,2,1,3,stats
AN01o,3,3,4,4,3,4,4,4,1,4,3,3,3,2,4,4,2,2,3,4,2,2,3,4,4,5,2,2,4,1,2,3,1,3,3,2,3,3,3,3,4,3,2,2,2,2,4,3,3,3,3,4,3,1,1,1,1,2,1,1,2,2,1,4,4,4,5,4,3,4,4,4,4,5,3,3,3,1,3,3,2,3,3,1,2,3,3,2,2,4,2,2,4,3,3,1,1,4,3,1,3,3,4,1,1,1,2,3,1,1,1,1,2,2,1,2,2,1,2,2,1,2,1,3,NA,NA,NA,NA,NA,3,1,2,2,1,1,1,2,2,1,1,1,1,3,1,2,1,2,3,1,1,2,1,1,2,2,maths
AS10L,3,2,2,4,4,2,5,5,1,5,2,3,3,4,5,2,1,2,3,2,3,4,2,5,3,2,5,1,2,2,5,5,1,1,1,5,2,2,1,3,2,4,2,4,4,2,5,3,2,5,4,3,4,2,1,1,1,1,1,1,2,1,1,5,4,5,5,4,4,5,5,5,5,2,1,2,2,1,2,2,3,4,2,4,2,1,3,1,2,2,3,3,1,4,4,1,2,3,1,3,4,3,2,1,3,1,1,4,1,1,1,2,2,1,2,3,1,1,4,1,1,3,1,1,4,2,2,3,4,NA,NA,NA,NA,NA,2,3,1,1,1,2,1,1,1,1,1,2,2,2,1,2,2,1,2,1,1,stats
PT91O,2,2,4,1,1,1,2,4,1,5,1,2,4,1,4,5,1,1,5,1,1,3,3,1,1,5,1,1,1,2,3,4,1,3,1,5,4,1,3,2,3,3,2,1,5,5,5,3,3,5,5,4,5,1,1,1,1,1,1,1,2,1,2,1,5,4,5,3,4,5,4,5,5,2,1,1,2,1,1,2,1,3,4,2,4,3,4,4,1,3,4,4,4,3,4,1,1,2,3,4,4,4,4,1,1,2,1,1,4,1,1,2,2,1,3,4,1,3,1,1,1,1,1,1,NA,NA,NA,NA,NA,3,1,2,NA,NA,3,3,3,1,4,2,1,3,1,1,4,1,2,1,1,1,1,3,2,3,2,maths
RP77A,5,2,4,4,2,2,4,4,2,5,4,3,4,3,5,4,3,4,4,4,3,3,3,4,3,4,3,2,4,3,4,4,2,4,3,5,3,4,3,3,3,3,3,4,4,4,5,5,5,5,4,4,5,2,2,2,1,3,2,3,3,3,4,4,5,5,5,4,5,5,4,4,5,3,3,3,3,2,3,4,3,3,4,3,3,3,4,2,4,4,3,4,4,4,3,4,2,3,4,3,4,4,4,2,3,4,3,3,2,2,4,3,3,3,2,3,1,1,2,3,1,4,3,3,3,1,NA,2,NA,NA,NA,NA,NA,NA,1,2,3,2,2,2,2,2,3,3,4,3,2,1,1,1,4,1,3,4,3,stats
EE39M,4,5,4,5,4,5,4,4,2,5,4,3,5,2,5,4,3,2,5,4,5,4,4,4,4,4,4,4,4,4,4,5,2,5,4,5,4,2,4,4,4,4,5,5,4,4,4,3,4,5,4,5,4,1,1,1,1,4,4,3,3,3,3,5,4,5,4,3,5,4,4,4,5,5,5,5,4,4,4,5,5,4,4,4,4,4,3,2,2,3,4,4,4,3,4,4,3,4,4,4,4,4,4,4,4,4,4,4,2,2,4,4,4,4,2,3,3,2,4,4,2,3,3,2,NA,NA,NA,NA,NA,3,1,3,4,2,4,3,4,4,4,3,2,4,4,2,4,3,2,2,4,2,3,2,3,3,2,maths
RP86a,3,4,3,3,4,4,3,4,4,4,3,4,4,3,3,3,3,3,3,4,3,4,3,4,3,3,4,4,4,3,4,3,3,3,3,4,3,3,4,3,4,4,3,2,3,3,4,4,2,3,3,4,3,3,3,3,3,3,2,3,4,3,3,3,3,3,4,2,3,4,3,3,3,3,3,3,3,2,2,3,3,3,2,2,3,3,3,2,2,3,3,3,3,2,3,2,2,2,3,2,3,2,4,3,2,3,3,2,2,3,2,4,3,2,2,2,3,3,2,3,3,3,2,4,1,3,3,2,2,NA,NA,NA,NA,NA,3,2,2,3,3,2,2,2,2,2,2,2,3,2,2,2,3,2,3,2,3,stats
AZ29O,4,1,2,4,1,1,5,5,1,4,1,1,3,1,4,3,1,1,2,3,3,3,2,5,1,2,4,1,1,4,5,5,1,5,2,3,2,1,2,1,5,3,2,3,5,5,5,4,3,4,4,5,5,1,1,1,2,2,1,3,2,1,2,4,5,5,5,3,5,5,4,5,5,5,5,4,5,3,1,2,1,1,3,2,2,4,4,1,1,1,3,4,2,1,1,1,1,4,4,2,4,1,1,1,1,2,4,4,1,1,1,3,4,2,1,3,1,1,4,4,1,4,1,1,NA,NA,NA,NA,NA,1,1,3,3,1,1,1,2,4,4,1,1,1,3,4,2,1,3,1,1,4,4,1,4,1,1,maths
LR64A,5,4,5,4,4,4,5,5,3,4,4,5,4,5,5,5,4,4,4,4,4,5,2,5,3,5,2,4,3,4,4,5,4,4,4,5,5,4,5,5,3,5,3,5,5,5,5,5,5,5,4,5,5,2,2,4,3,3,2,4,4,4,4,5,5,5,5,5,5,5,5,5,5,4,4,4,5,2,5,5,4,4,4,4,4,4,4,4,4,4,4,4,4,4,4,4,4,4,4,4,2,4,4,1,1,2,2,1,1,1,1,1,1,1,1,3,1,1,1,2,1,1,1,1,NA,NA,NA,NA,NA,3,2,2,3,1,1,1,3,1,1,1,1,2,1,1,3,1,1,1,3,1,3,1,1,1,1,maths
et37a,5,5,3,5,5,4,5,5,1,4,4,5,5,3,5,3,3,3,5,4,4,4,3,4,4,3,4,5,3,4,5,4,5,5,4,5,4,4,5,5,5,4,3,4,5,4,5,5,5,5,5,5,5,3,5,5,5,5,3,3,5,3,3,4,5,5,5,5,5,5,5,5,5,5,5,5,5,1,2,5,2,3,3,3,3,3,4,4,3,3,4,4,4,2,4,1,2,4,4,1,4,1,1,1,4,2,3,3,2,1,1,4,4,4,1,4,4,2,4,4,1,4,1,1,2,2,4,4,2,NA,NA,NA,NA,NA,4,4,1,3,2,2,1,1,2,2,1,1,2,4,2,2,2,1,2,1,1,stats
ab87a,5,5,2,5,5,4,5,5,3,5,5,5,5,5,5,4,2,4,3,5,5,4,3,5,4,2,5,4,5,5,5,5,3,5,5,5,3,4,4,5,5,4,3,5,5,5,5,4,5,5,5,5,5,1,2,4,4,4,1,4,5,3,5,5,5,5,5,5,5,5,5,5,5,4,5,4,5,1,5,5,4,5,4,3,2,2,1,4,2,4,4,2,3,4,4,3,4,1,3,4,2,4,4,3,1,3,1,1,2,1,2,4,1,2,1,4,1,1,1,1,1,1,1,3,4,2,4,4,4,NA,NA,NA,NA,NA,4,2,3,1,1,4,2,2,4,3,3,3,4,2,4,2,2,2,1,1,3,stats
TQ,3,3,1,1,3,3,3,3,2,3,2,5,5,3,4,1,3,1,5,3,3,3,5,2,3,1,1,3,3,3,4,3,3,5,3,3,1,2,5,3,2,3,5,2,4,1,5,2,2,3,5,5,1,1,4,3,3,3,1,1,1,2,1,3,3,1,5,2,2,2,3,4,1,4,4,4,4,1,1,1,2,1,2,1,3,4,2,1,1,1,4,4,4,1,2,1,1,4,4,1,3,2,1,1,1,3,3,3,1,1,3,4,4,4,1,2,1,1,2,4,1,4,1,1,NA,NA,NA,NA,NA,3,2,1,4,2,1,1,3,3,2,1,1,1,3,4,4,1,3,1,1,2,3,1,3,1,1,maths
AS88A,3,2,2,4,2,3,3,3,2,3,2,3,2,2,3,2,2,2,2,2,3,4,1,2,2,1,2,2,2,2,3,3,2,2,2,3,1,2,2,2,2,3,1,2,3,3,3,3,3,4,4,3,3,1,1,1,1,1,2,2,3,1,1,3,3,3,2,2,4,3,3,4,4,4,1,4,2,2,3,3,2,1,1,1,1,1,1,1,1,1,1,2,2,1,1,1,2,1,2,1,2,2,1,1,1,1,1,1,1,1,1,1,1,2,1,1,1,2,1,2,1,1,2,1,NA,NA,NA,NA,NA,3,1,3,1,2,1,1,1,1,1,1,1,1,1,1,2,1,1,1,1,1,2,1,1,2,1,maths
FA63B,4,4,2,5,4,3,5,2,5,2,4,3,4,4,4,2,3,3,4,4,2,2,3,3,4,2,4,4,3,3,4,2,2,4,4,4,4,2,3,4,2,2,3,2,3,2,4,4,4,4,4,4,5,2,2,4,4,3,1,2,2,2,2,3,4,3,4,4,4,4,4,5,5,5,4,5,4,1,1,2,2,2,4,3,3,3,3,2,2,3,3,3,3,3,4,1,3,3,4,4,3,4,3,1,1,3,3,2,1,1,1,3,3,2,1,3,1,1,3,3,1,3,1,1,NA,NA,NA,NA,NA,1,4,2,1,1,3,1,3,2,2,1,1,1,1,1,3,1,1,1,3,3,3,1,2,1,1,maths
LS47I,2,2,1,3,2,2,2,4,1,5,2,3,4,2,4,1,1,3,2,1,3,1,2,2,2,1,3,2,2,3,4,4,1,3,2,4,1,3,3,2,3,1,3,2,4,3,5,3,4,4,1,3,4,1,1,1,1,2,2,1,3,2,1,3,4,4,5,3,4,5,1,4,4,3,3,3,2,3,2,3,3,2,2,1,2,3,2,2,2,1,2,3,2,2,2,3,2,3,3,1,1,1,4,1,1,2,1,1,1,2,1,2,2,1,1,1,2,1,3,3,1,2,1,4,NA,NA,NA,NA,NA,3,1,2,3,NA,2,1,1,1,3,1,2,2,2,2,2,1,1,2,1,3,2,1,2,2,3,maths
AZ42H,5,3,4,5,4,3,4,5,2,5,2,2,4,2,5,3,2,2,3,4,3,4,3,5,3,3,4,4,3,3,5,5,1,4,4,5,3,2,3,4,4,4,3,5,4,5,5,5,5,5,4,5,5,1,2,3,2,3,1,2,3,2,3,4,5,5,5,5,5,5,4,5,5,3,5,1,3,1,2,4,3,3,1,1,4,4,3,1,1,1,3,4,1,1,4,1,1,3,2,1,4,1,1,2,1,2,3,3,1,1,1,1,2,1,1,2,1,1,1,1,1,2,2,1,NA,NA,NA,NA,NA,3,4,NA,NA,NA,4,1,3,4,4,1,1,2,2,3,4,3,3,1,1,2,2,3,2,4,1,maths
RS21B,5,4,4,4,5,4,5,5,4,5,5,4,4,4,5,4,3,2,5,5,4,5,3,3,4,3,4,5,3,3,4,5,2,4,4,4,3,2,5,4,4,4,2,4,5,4,4,4,5,4,4,5,5,2,4,3,4,5,1,4,4,3,3,4,5,4,5,4,4,5,5,5,5,5,5,4,4,1,3,3,3,2,2,2,3,4,3,2,3,2,2,3,3,3,3,3,1,4,4,2,4,2,3,2,3,3,4,4,3,3,2,2,3,3,3,3,2,1,4,4,2,4,2,3,4,2,4,3,2,NA,NA,NA,NA,NA,3,3,3,4,4,3,3,3,4,4,4,3,4,3,2,4,4,4,4,3,3,stats
BY91E,3,3,1,4,4,4,4,4,1,5,4,2,1,4,4,1,1,1,1,4,3,1,1,4,4,1,2,4,4,2,3,3,1,1,1,4,1,1,1,4,2,1,1,3,3,2,4,1,3,4,2,2,3,1,1,1,1,1,1,1,1,1,1,2,3,3,5,2,4,4,3,1,3,4,4,4,4,1,1,5,1,1,1,3,2,3,1,2,4,1,1,2,4,1,1,1,1,1,1,1,1,2,1,1,1,1,2,1,1,3,1,1,1,3,1,1,1,1,1,1,1,1,1,1,NA,NA,NA,NA,NA,3,4,4,1,1,1,2,1,1,1,1,3,1,1,1,3,1,1,1,1,1,1,1,1,2,1,maths
RD42A,4,4,5,4,4,4,5,5,3,5,4,4,4,4,4,4,2,3,5,4,4,4,4,4,5,5,5,4,5,4,5,5,1,4,4,4,5,4,5,3,4,4,4,4,4,5,5,5,5,5,5,4,5,1,3,3,2,4,3,3,4,5,5,4,4,4,5,4,5,5,5,5,5,5,4,4,5,2,4,3,3,4,3,3,4,4,3,1,1,4,4,4,3,1,4,1,1,2,4,2,4,2,4,2,1,2,2,2,1,1,3,4,4,2,1,3,2,1,3,4,2,4,1,3,NA,NA,NA,NA,NA,3,2,NA,2,1,1,1,4,1,3,2,1,3,4,3,3,1,4,1,1,4,4,1,4,3,2,maths
1996,4,4,4,4,5,4,4,4,4,4,4,5,5,4,3,5,3,4,4,5,4,4,5,5,3,5,4,4,4,3,5,5,1,4,5,5,4,3,3,4,5,5,3,5,5,5,5,5,5,5,5,4,4,2,5,3,5,4,1,5,4,4,5,5,5,5,5,4,5,5,5,5,5,5,5,5,4,3,4,5,3,5,1,1,3,3,3,1,1,1,3,4,4,1,3,1,1,2,4,1,4,1,1,1,1,4,3,3,1,1,1,2,3,4,1,3,1,1,3,3,1,4,1,1,4,1,4,3,3,NA,NA,NA,NA,NA,1,1,4,3,3,1,1,1,3,4,4,1,1,1,1,2,4,1,3,1,1,stats
1221i,1,1,3,1,1,1,2,4,1,1,1,1,2,3,4,3,1,1,2,1,1,3,2,2,1,2,1,3,1,1,4,1,1,2,3,4,2,1,2,2,1,3,2,1,4,4,5,2,3,4,2,4,5,1,4,2,2,2,1,1,1,1,1,1,4,4,4,3,4,4,2,4,5,4,4,3,4,1,1,1,1,1,1,1,3,2,4,1,2,1,4,2,3,2,3,1,1,1,3,1,3,3,1,1,1,2,3,3,1,1,1,3,3,3,2,4,1,1,1,4,1,4,3,1,4,3,2,4,1,NA,NA,NA,NA,NA,1,1,1,1,3,1,1,1,1,1,2,1,1,1,1,1,2,1,2,1,1,stats
hy19u,2,2,4,2,3,2,2,4,1,5,2,2,3,3,4,4,1,1,4,2,2,2,2,2,2,5,2,2,3,2,5,4,1,3,3,5,5,1,5,2,2,2,3,2,5,5,5,3,3,4,2,5,4,1,2,2,2,3,1,2,2,2,1,2,5,4,4,2,3,4,2,5,4,2,2,2,4,1,2,2,2,2,2,2,2,3,1,2,1,1,3,3,4,1,3,1,1,2,2,2,2,1,2,1,1,1,2,1,1,1,1,1,1,1,1,1,1,1,1,1,1,1,1,1,4,1,4,NA,NA,NA,NA,NA,NA,NA,2,2,2,3,2,1,1,1,1,1,2,1,1,1,1,1,1,1,1,1,1,stats
yd78a,5,4,5,4,4,4,3,5,3,5,2,4,4,5,5,5,1,4,5,5,5,4,2,5,4,5,4,4,5,4,5,5,2,4,3,5,5,5,4,4,5,4,2,4,5,5,5,4,5,5,5,5,5,3,3,4,4,4,2,4,5,5,4,5,5,5,5,4,5,5,5,4,5,5,5,5,5,3,4,5,4,4,3,3,3,4,3,2,1,3,4,4,4,2,3,1,3,4,4,2,4,3,2,2,4,3,4,2,1,1,2,3,4,3,3,3,3,2,4,4,2,4,4,1,NA,NA,NA,NA,NA,1,1,3,3,3,2,4,2,4,2,1,1,2,3,4,3,3,3,3,3,4,4,2,4,4,2,maths
HJ11A,4,3,1,3,3,3,3,4,4,4,3,2,4,2,3,1,2,3,1,3,2,2,1,3,3,1,3,3,4,3,4,4,3,4,4,4,1,1,1,4,2,2,1,2,4,3,4,3,4,4,3,4,4,1,3,2,2,2,1,4,2,4,1,3,5,4,3,3,4,4,4,5,4,4,3,3,3,1,2,2,4,4,1,1,1,2,1,1,1,1,1,2,2,1,1,1,2,2,1,1,2,1,1,1,1,1,2,1,1,1,1,1,1,2,1,1,1,2,2,1,1,2,1,1,2,2,2,2,2,NA,NA,NA,NA,NA,1,1,1,1,1,1,1,1,1,1,1,1,1,1,1,1,1,1,1,1,1,stats
DB59A,5,3,2,4,5,3,4,3,3,5,3,3,3,3,5,2,3,4,2,3,5,3,3,1,1,1,1,1,1,1,1,1,1,1,1,1,1,1,1,1,1,1,1,1,2,2,2,1,2,1,1,1,3,1,3,1,1,1,2,2,1,1,1,4,4,4,5,4,4,5,5,5,5,4,3,3,5,2,5,3,4,3,2,3,3,1,3,1,1,1,1,3,3,2,3,1,2,4,3,1,4,3,2,1,1,1,1,1,1,1,1,1,1,1,1,1,1,1,1,1,1,1,1,1,4,1,4,NA,NA,NA,NA,NA,NA,NA,1,1,3,1,3,1,1,1,2,3,4,1,1,1,3,1,4,1,4,3,1,stats
BG03O,5,5,3,4,5,5,5,4,1,3,4,4,4,5,4,3,1,4,4,4,3,5,3,5,5,3,5,2,5,3,5,4,1,4,3,5,3,5,2,1,4,3,4,4,4,4,5,4,3,5,4,5,5,1,4,4,3,3,1,1,1,4,1,4,3,3,5,4,4,3,5,5,5,5,5,5,5,1,1,3,2,2,3,3,4,4,4,1,1,1,3,4,1,1,4,3,1,4,4,2,4,4,1,1,1,2,4,4,1,1,1,4,4,1,1,4,1,1,4,4,1,4,4,1,4,2,1,2,4,NA,NA,NA,NA,NA,4,4,4,4,4,1,1,3,4,4,4,4,4,1,3,4,4,3,4,4,4,stats
AD43I,5,3,4,5,3,2,3,5,5,5,3,3,4,3,5,4,2,4,3,3,5,5,4,2,2,2,1,3,3,2,1,3,3,2,1,4,2,4,3,2,2,2,3,2,2,3,5,1,3,3,2,3,4,1,1,1,3,2,1,2,2,2,2,4,5,4,5,3,5,5,5,4,5,5,5,4,5,2,3,5,5,3,2,1,2,4,4,1,1,2,3,3,2,1,3,1,2,2,3,1,2,3,2,2,1,3,4,4,2,2,1,4,3,3,1,4,1,1,2,2,1,3,2,1,NA,NA,NA,NA,NA,1,1,2,4,1,4,1,4,4,4,2,1,2,4,3,3,2,4,1,2,3,3,3,4,4,1,maths
qj88a,5,5,4,4,5,4,5,5,5,4,5,5,4,5,5,4,4,4,4,5,4,4,4,4,4,4,4,5,3,5,4,4,2,4,5,4,4,4,4,4,5,4,4,5,4,4,5,4,5,5,5,5,4,3,2,3,4,5,3,3,5,5,3,5,5,5,5,4,5,5,5,5,5,5,5,5,5,3,5,5,4,5,4,4,2,3,4,1,2,3,3,4,1,4,4,3,1,4,3,2,4,4,2,4,3,2,3,3,1,2,1,4,4,1,4,4,3,2,4,3,2,4,4,2,2,1,NA,2,NA,NA,NA,NA,NA,NA,4,3,1,1,1,1,3,2,3,3,3,2,2,2,3,1,3,1,3,3,3,stats
DT81U,4,2,3,4,2,3,3,4,1,4,2,2,3,2,4,3,1,2,3,2,2,4,2,3,2,3,3,3,2,3,4,4,1,3,3,3,3,2,3,2,2,4,3,3,4,4,4,4,4,4,4,4,3,1,2,2,2,2,1,2,2,2,2,4,3,3,4,4,4,4,3,4,4,4,4,4,4,1,2,2,2,2,4,3,2,2,2,3,3,4,3,4,3,3,3,2,2,3,4,3,3,3,3,2,2,2,2,2,2,2,3,2,3,2,2,2,2,2,2,3,2,3,3,3,NA,NA,NA,NA,NA,3,1,1,1,2,3,3,2,3,2,3,2,3,2,2,3,3,2,2,2,2,3,3,3,3,3,maths
qh57a,2,5,4,4,3,3,4,5,4,5,3,2,4,4,5,4,3,5,4,5,1,5,1,3,5,5,5,5,4,3,5,3,1,4,2,5,4,4,4,4,1,5,3,1,4,3,4,1,5,5,3,5,5,1,4,1,3,1,1,5,1,1,1,2,3,5,5,3,3,5,3,5,3,5,4,5,5,1,4,1,1,3,4,1,3,1,1,1,1,3,4,3,4,1,3,1,1,1,4,2,3,3,4,3,1,1,1,1,1,1,3,2,1,3,1,1,1,1,1,4,1,3,2,1,3,2,2,4,1,NA,NA,NA,NA,NA,4,1,1,1,3,1,1,3,1,1,4,1,1,1,1,1,1,1,4,3,1,stats
GF25E,4,3,4,3,3,3,3,5,2,5,1,3,4,3,5,4,3,4,4,4,2,5,4,5,3,4,3,4,3,4,5,5,1,4,3,5,4,4,4,3,3,5,4,4,4,4,5,4,4,4,3,5,5,1,2,2,2,2,1,3,3,4,3,4,4,3,5,4,4,5,3,5,3,2,2,2,2,3,3,3,3,3,4,2,4,4,3,2,1,4,4,4,2,3,4,1,3,2,4,2,4,4,2,3,3,4,4,2,2,1,3,4,4,3,3,4,2,2,2,4,1,4,3,1,NA,NA,NA,NA,NA,3,1,1,NA,NA,1,2,2,4,4,3,1,1,3,3,4,2,3,1,1,1,3,1,3,3,2,maths
JE,3,2,2,3,2,3,2,4,1,3,3,2,3,2,3,2,1,2,2,2,2,4,2,3,2,2,3,2,2,3,4,4,3,3,2,4,2,2,2,3,3,3,2,3,4,3,4,4,4,4,3,4,5,1,2,2,2,3,1,3,3,2,2,4,4,4,5,3,4,4,4,3,5,3,4,3,4,2,4,3,3,3,4,3,3,4,2,2,2,4,3,3,4,2,1,3,3,3,3,3,3,3,2,3,2,1,2,2,2,1,2,2,3,2,3,2,3,3,3,2,2,2,3,1,4,4,2,3,3,NA,NA,NA,NA,NA,1,2,2,2,2,2,1,3,2,2,2,3,1,2,3,3,2,2,2,3,1,stats
HX34D,5,5,4,3,4,3,5,5,3,5,4,4,5,5,4,3,3,5,5,4,3,5,2,3,4,4,3,4,3,2,5,5,4,5,3,4,4,4,5,3,2,5,2,3,4,5,5,4,4,4,4,5,5,1,3,2,2,2,1,3,3,4,3,4,3,5,5,4,4,4,4,5,5,5,4,4,5,1,4,4,4,3,1,2,2,3,3,2,2,2,2,3,3,1,3,2,1,2,2,1,2,1,3,2,1,2,2,2,1,1,1,2,1,3,1,2,2,1,2,2,1,2,1,3,NA,NA,NA,NA,NA,3,4,4,1,1,3,2,3,4,2,1,3,1,3,1,2,1,4,4,1,2,2,4,2,2,3,maths
RH31O,5,5,5,5,5,5,4,5,4,5,5,4,5,3,5,5,4,5,5,5,5,5,4,4,3,4,4,5,5,4,4,5,3,5,4,5,4,4,4,3,5,5,4,4,5,5,5,4,4,5,5,5,5,3,3,3,4,5,4,5,5,5,4,4,5,5,5,4,5,5,5,4,5,4,5,5,5,2,4,4,5,4,3,3,3,2,3,3,3,2,2,3,4,3,3,2,3,2,3,2,2,4,3,2,2,3,3,3,2,2,3,4,4,3,2,4,2,2,4,2,3,3,3,2,NA,NA,NA,NA,NA,4,2,2,1,1,3,2,3,2,2,3,2,3,3,3,4,2,3,2,2,3,2,2,4,3,2,maths
JU82E,4,2,3,3,3,2,5,5,1,5,2,2,5,2,5,3,1,1,3,2,5,3,3,5,1,4,3,3,2,4,5,5,2,5,3,5,4,1,3,2,5,3,2,3,5,5,5,5,5,5,5,5,5,1,4,3,2,4,1,3,4,3,5,3,3,3,5,5,4,5,2,5,5,4,4,4,4,1,3,5,2,5,3,3,4,4,4,3,2,4,4,4,2,4,4,4,4,1,3,2,4,4,1,3,3,4,4,3,3,2,4,4,4,2,4,4,4,4,1,4,2,4,4,2,NA,NA,NA,NA,NA,3,4,2,2,1,4,2,4,4,4,3,1,4,4,4,4,3,4,2,2,1,4,2,4,4,2,maths
BE72A,3,2,4,3,1,2,2,5,1,5,3,2,3,1,5,4,1,1,2,2,4,2,1,2,2,4,3,1,2,3,5,5,1,3,3,5,4,1,2,2,5,2,1,2,5,3,5,3,4,5,2,5,4,1,1,1,1,1,1,1,4,1,2,3,5,2,5,3,4,5,1,5,5,1,1,1,1,1,2,5,2,3,3,1,3,3,1,1,1,1,4,2,1,3,4,1,1,3,3,2,2,2,2,1,1,2,2,1,1,1,1,1,3,1,1,1,1,2,2,3,1,2,1,2,4,1,4,4,4,NA,NA,NA,NA,NA,3,1,2,3,1,1,1,1,1,4,3,3,3,1,3,1,3,2,3,1,2,stats
22462,4,4,5,4,5,4,4,5,4,4,4,5,5,5,4,5,5,5,4,4,4,4,3,3,5,5,4,5,4,5,4,4,5,5,5,5,5,5,4,5,3,4,4,3,4,4,5,3,4,4,5,4,5,2,5,5,4,5,3,5,4,4,3,3,4,5,4,2,4,4,5,5,5,5,4,4,5,1,5,4,4,4,4,4,3,4,3,2,2,2,3,3,3,3,2,3,4,4,4,2,2,2,4,3,4,3,4,4,3,2,2,3,3,3,4,3,3,3,2,4,4,3,1,4,4,4,4,3,3,NA,NA,NA,NA,NA,3,4,4,4,3,4,2,4,3,4,4,4,4,4,4,3,4,3,3,3,4,stats
EL46B,4,3,3,4,3,3,4,4,1,4,5,3,4,4,4,3,3,2,4,4,4,3,3,4,3,2,3,3,3,2,3,4,3,2,2,3,3,2,2,2,3,2,2,4,4,4,4,4,4,4,4,4,4,1,4,3,2,2,2,4,2,3,3,4,4,5,4,4,5,4,4,3,4,5,4,3,3,3,3,3,4,4,2,3,2,2,1,1,3,3,2,2,2,4,2,2,3,2,1,3,1,3,4,3,3,2,3,1,1,1,4,1,2,2,4,2,2,3,2,2,3,1,3,4,4,2,4,1,NA,NA,NA,NA,NA,NA,4,3,2,3,1,1,1,2,3,1,1,3,3,4,2,1,2,2,2,2,2,stats
BN71E,4,3,5,3,3,3,4,4,4,5,3,3,4,4,5,5,2,3,4,4,3,3,4,3,4,4,4,4,4,3,5,5,3,5,3,4,4,2,3,4,5,3,4,3,5,5,5,3,4,5,5,5,5,4,4,3,3,4,2,2,5,3,4,4,4,3,5,4,5,5,5,5,5,5,5,4,5,2,5,4,4,5,2,4,4,2,3,1,3,3,3,4,4,3,3,3,3,3,3,1,4,2,4,2,4,4,2,2,1,3,1,2,4,4,3,2,2,3,3,3,2,4,1,4,NA,NA,NA,NA,NA,1,1,4,1,2,3,3,4,2,2,1,2,2,2,3,4,3,3,2,3,3,3,1,4,2,3,maths
0258BN,4,3,2,3,3,3,3,4,3,4,3,4,4,1,3,2,4,3,2,2,2,4,3,4,4,2,4,3,5,4,5,4,2,5,2,5,2,4,2,4,4,5,3,4,4,4,5,3,3,4,4,4,5,1,3,3,3,3,1,4,4,3,1,3,3,4,4,4,4,4,4,4,4,3,3,3,2,1,2,1,3,1,3,1,2,2,2,1,1,1,1,3,2,1,2,1,1,1,3,2,3,3,1,1,1,2,2,2,1,1,1,1,3,2,1,1,1,1,1,3,1,3,3,1,NA,NA,NA,NA,NA,3,1,3,3,3,1,2,4,3,4,1,1,1,3,2,4,1,3,1,1,2,2,1,2,4,1,maths
TH96M,3,2,1,3,4,2,3,4,3,3,2,2,3,4,3,1,2,2,2,4,3,2,1,4,3,1,4,3,3,4,4,4,2,3,3,3,1,2,1,3,3,1,2,2,5,4,4,3,4,3,4,3,4,1,2,1,2,2,4,3,4,3,4,3,4,4,5,5,3,5,4,4,4,3,3,5,3,3,3,3,4,3,3,2,4,2,3,4,4,4,3,3,3,4,2,4,3,1,4,4,1,4,3,4,2,3,2,3,4,4,4,3,2,4,4,3,2,2,1,4,3,1,4,2,4,1,1,2,3,NA,NA,NA,NA,NA,4,2,2,1,4,4,4,4,1,1,4,4,1,2,2,1,4,3,1,4,3,stats
sf0r,4,4,4,4,3,4,4,4,5,4,4,4,4,4,4,4,4,4,4,4,4,4,4,4,3,4,4,3,4,4,4,4,4,4,4,4,4,4,4,4,4,4,4,4,4,4,4,4,4,4,4,4,5,1,4,2,1,3,1,4,4,4,3,4,4,4,4,4,4,4,4,4,4,4,5,5,4,2,4,4,4,4,2,2,3,2,3,1,2,3,3,4,3,1,3,2,2,2,4,3,4,3,2,1,1,1,2,1,1,1,1,1,1,2,1,1,1,1,1,1,1,2,1,1,NA,NA,NA,NA,NA,1,1,3,2,3,3,1,1,1,1,3,1,1,1,3,4,1,1,1,1,1,4,1,3,1,1,maths
bg14h,4,4,3,4,4,4,4,4,5,5,3,4,3,3,5,3,5,4,4,4,4,3,3,3,5,3,2,3,4,3,4,5,3,3,3,4,2,4,3,4,2,2,3,3,3,2,4,4,4,5,4,4,2,1,2,2,3,2,1,5,2,2,2,4,4,3,5,4,5,5,5,5,4,4,5,3,4,1,2,1,4,2,4,2,3,4,4,2,1,4,3,4,2,3,4,1,2,4,4,3,4,4,1,3,2,4,4,4,2,1,1,4,4,2,1,4,1,1,4,4,3,3,3,1,NA,NA,NA,NA,NA,1,1,4,3,1,4,4,4,4,2,2,3,4,4,4,4,1,4,1,1,4,3,4,4,4,1,maths
LX61A,4,4,2,3,3,3,4,4,1,4,4,3,3,3,3,2,2,2,2,4,3,4,2,4,4,2,4,4,4,4,4,3,4,3,4,3,2,2,2,4,2,3,2,3,4,4,4,4,3,3,4,4,4,2,3,4,4,5,2,3,3,3,3,3,4,4,4,3,3,3,4,4,4,4,4,4,4,2,3,2,3,3,3,3,3,3,3,3,2,2,4,4,4,4,4,2,2,2,4,2,4,2,3,1,3,3,3,2,1,2,1,4,4,3,2,3,2,1,2,3,2,4,1,1,NA,NA,NA,NA,NA,1,NA,NA,NA,NA,3,3,2,3,2,1,1,2,3,4,4,3,3,3,2,1,4,1,4,1,2,maths
LU,2,1,4,1,2,1,1,1,1,2,1,1,1,1,2,4,1,1,4,1,1,1,4,3,1,4,1,2,2,2,3,2,2,1,2,4,4,2,4,2,2,1,4,2,3,2,3,2,2,2,2,1,2,1,2,1,1,1,1,1,2,1,2,1,2,2,3,2,2,2,1,1,1,1,1,1,1,1,1,1,1,1,4,4,3,4,3,1,4,3,4,3,4,2,3,4,1,4,3,3,3,3,2,3,4,3,4,4,1,4,3,1,3,4,2,1,2,1,4,4,3,3,3,1,4,2,1,3,4,NA,NA,NA,NA,NA,3,4,3,4,3,1,3,1,1,4,4,1,1,3,1,4,4,3,3,3,1,stats
JA31O,5,5,5,4,5,5,5,5,4,4,4,4,4,5,4,5,4,4,4,5,5,4,4,5,5,5,4,5,5,5,5,4,4,5,5,4,5,5,4,5,5,3,3,5,5,4,5,4,5,5,5,4,5,2,5,5,5,5,3,4,5,3,5,4,5,5,5,4,4,4,4,4,5,5,5,5,5,4,5,4,4,5,2,1,1,4,4,1,1,1,3,3,4,2,4,2,1,4,3,2,4,1,3,2,2,2,4,2,1,1,1,2,3,4,1,3,2,1,3,2,1,3,1,1,4,2,4,4,NA,NA,NA,NA,NA,NA,1,3,2,4,4,1,1,1,2,3,4,1,3,2,1,2,3,2,2,1,2,stats
TA80a,5,5,5,5,5,5,5,5,5,5,5,5,5,5,5,5,5,5,5,5,5,5,4,5,5,5,5,5,5,5,5,5,5,5,5,5,5,3,4,5,5,5,4,4,5,5,5,4,5,5,5,5,5,1,4,4,5,4,3,5,5,5,5,5,5,5,5,5,5,5,5,5,5,5,5,5,5,5,5,5,5,5,4,4,4,4,4,4,4,4,4,4,4,4,4,4,4,4,4,4,4,4,4,3,3,3,3,3,3,3,3,3,3,3,3,3,3,3,3,3,3,3,3,3,NA,NA,NA,NA,NA,1,4,2,1,1,3,4,3,3,2,4,4,4,3,3,4,4,3,4,4,2,3,4,2,3,4,maths
wa05n,3,4,2,3,3,3,3,4,2,4,2,3,4,3,5,3,3,2,1,3,4,3,3,2,3,3,3,3,3,3,4,5,4,4,3,4,3,2,3,3,3,4,3,3,4,4,5,4,5,5,4,5,3,2,4,3,4,3,2,2,3,3,2,3,3,5,5,4,4,5,3,3,5,5,3,4,5,2,3,4,3,3,2,2,2,4,2,2,2,2,3,3,3,2,4,2,2,2,3,2,3,3,3,1,3,3,4,2,1,3,2,4,4,3,1,4,3,2,3,3,2,3,1,3,NA,NA,NA,NA,NA,3,1,3,3,3,1,1,2,3,2,1,2,1,4,4,2,1,4,1,2,2,3,1,2,1,2,maths
JT30A,3,3,1,3,1,3,3,4,5,4,2,3,1,2,4,1,3,3,1,3,1,1,1,3,3,1,3,1,3,4,4,4,1,1,4,4,1,2,1,3,1,1,1,3,4,3,4,4,4,4,3,3,5,1,2,2,2,2,1,3,1,1,1,2,5,4,5,4,4,4,3,3,5,5,5,5,5,1,3,2,3,1,2,1,1,1,1,1,1,1,1,1,3,2,2,1,1,1,1,1,1,2,2,1,1,1,1,1,1,1,1,1,1,3,1,1,1,1,1,1,1,1,1,1,NA,NA,NA,NA,NA,1,1,2,2,1,2,1,1,1,1,1,1,1,1,1,4,2,1,1,1,1,1,1,1,2,1,maths
FN13L,5,1,5,3,3,1,4,5,1,5,2,3,4,2,5,5,1,1,5,1,5,5,5,4,2,4,3,2,1,3,5,5,1,3,3,5,2,1,4,1,4,5,1,5,5,5,5,5,5,5,5,5,5,5,1,3,3,3,2,1,5,2,5,5,5,5,5,5,5,5,5,5,5,3,4,4,3,1,3,5,1,3,2,2,4,4,4,1,3,4,4,4,4,2,4,2,4,4,4,1,4,4,1,1,2,3,4,4,1,1,1,1,4,4,4,2,2,1,4,4,1,4,1,2,NA,NA,NA,NA,NA,3,1,1,3,1,1,1,3,4,4,1,1,1,3,4,4,4,2,1,1,4,4,1,4,1,3,maths
SA,3,4,5,3,4,2,4,4,2,4,3,2,3,3,4,4,2,4,3,4,3,4,3,3,2,3,2,3,3,2,5,4,1,3,2,5,3,1,2,2,4,3,3,2,5,3,5,4,4,5,4,5,5,2,2,2,1,2,1,2,3,2,3,2,4,4,5,4,5,5,4,5,5,3,3,3,3,1,2,3,2,2,4,3,3,1,2,4,4,4,3,4,1,3,3,2,3,4,4,4,4,4,1,1,1,3,1,1,1,1,1,1,3,3,3,1,1,3,3,3,2,4,1,1,2,2,4,3,4,NA,NA,NA,NA,NA,4,2,2,2,1,1,3,3,2,2,3,3,2,1,4,3,3,3,3,3,1,stats
LQ82L,2,1,2,2,2,2,2,2,2,2,2,2,3,2,2,1,3,2,2,2,2,2,1,2,2,2,2,2,2,2,3,3,2,2,3,3,2,2,1,2,2,3,2,3,4,2,2,2,3,3,5,3,3,1,3,2,3,2,2,4,3,2,2,2,2,2,2,2,2,2,5,2,2,2,2,2,2,2,2,2,2,2,1,1,1,2,2,2,1,3,1,1,1,1,2,2,1,1,1,1,1,1,1,1,1,1,1,1,1,1,3,1,1,1,1,1,1,1,1,1,1,1,1,1,3,1,2,2,3,NA,NA,NA,NA,NA,1,1,1,1,1,1,1,2,1,1,1,1,1,1,1,1,1,1,1,1,1,stats
HT85I,4,4,5,2,4,1,5,5,2,5,4,3,4,5,5,5,5,4,3,4,2,4,3,4,3,5,3,3,1,4,4,5,5,4,4,5,5,3,3,2,2,4,3,4,5,5,5,3,5,5,3,5,5,2,2,2,4,3,1,2,3,2,3,3,5,5,5,4,5,5,4,4,5,5,4,4,5,2,2,3,2,4,2,4,3,4,3,3,2,1,3,3,3,1,2,1,2,1,4,3,4,3,4,2,3,3,4,2,3,1,1,3,4,1,1,3,1,2,1,2,2,2,2,4,NA,NA,NA,NA,NA,1,2,3,1,2,3,3,3,4,2,2,1,1,4,3,4,3,3,1,2,1,4,3,4,2,4,maths
LW74L,4,3,2,3,2,2,3,3,3,4,3,3,3,2,4,2,3,2,2,3,4,3,2,4,3,2,3,3,3,3,3,3,3,4,3,4,3,3,2,3,3,3,3,3,4,3,3,3,3,3,3,3,4,3,3,2,2,3,2,3,3,3,3,4,4,3,3,3,3,3,4,4,3,3,4,3,3,2,3,4,3,3,NA,NA,NA,NA,NA,NA,NA,NA,NA,NA,NA,NA,NA,NA,NA,NA,NA,NA,NA,NA,NA,NA,NA,NA,NA,NA,NA,NA,NA,NA,NA,NA,NA,NA,NA,NA,NA,NA,NA,NA,NA,NA,NA,NA,NA,NA,NA,NA,NA,NA,NA,NA,NA,NA,NA,NA,NA,NA,NA,NA,NA,NA,NA,NA,NA,NA,NA,NA,NA,NA,NA,NA,NA,NA
En12m,4,2,2,3,1,1,2,3,1,2,1,1,2,1,5,2,1,1,2,1,2,3,2,4,3,3,3,3,1,4,4,5,1,2,1,5,2,1,3,1,2,4,3,3,3,4,4,2,3,4,4,5,5,1,4,3,3,3,1,4,1,4,2,1,1,5,5,2,3,4,4,5,5,3,4,3,1,1,2,2,2,3,NA,NA,NA,NA,NA,NA,NA,NA,NA,NA,NA,NA,NA,NA,NA,NA,NA,NA,NA,NA,NA,NA,NA,NA,NA,NA,NA,NA,NA,NA,NA,NA,NA,NA,NA,NA,NA,NA,NA,NA,NA,NA,NA,NA,NA,NA,NA,NA,NA,NA,NA,NA,NA,NA,NA,NA,NA,NA,NA,NA,NA,NA,NA,NA,NA,NA,NA,NA,NA,NA,NA,NA,NA,NA
AS 97 N,5,1,3,5,2,2,3,5,1,5,1,1,2,3,5,1,1,4,3,1,4,5,1,5,2,3,4,4,2,2,5,5,2,2,2,5,2,3,2,2,5,5,1,5,5,5,5,5,5,5,5,5,5,4,5,3,3,3,1,4,5,2,5,5,5,5,5,5,5,5,5,5,5,3,2,4,3,3,5,5,3,3,3,1,1,2,1,1,1,1,3,4,4,1,2,1,1,4,2,1,1,2,1,1,1,1,1,2,1,1,1,2,1,4,1,1,1,1,2,1,1,1,1,1,NA,NA,NA,NA,NA,3,3,4,3,3,2,1,1,1,1,1,1,2,2,1,3,1,3,1,1,1,1,1,1,2,1,maths
1294L,3,2,1,3,1,1,1,3,5,3,3,1,4,1,3,1,1,1,1,1,3,4,1,5,1,1,5,3,1,3,5,5,4,4,2,5,1,1,3,1,1,3,1,5,2,5,5,3,1,2,5,5,5,1,1,1,1,3,1,1,1,1,1,3,5,5,5,5,5,5,5,5,5,1,1,1,1,1,1,5,1,1,NA,NA,NA,NA,NA,NA,NA,NA,NA,NA,NA,NA,NA,NA,NA,NA,NA,NA,NA,NA,NA,NA,NA,NA,NA,NA,NA,NA,NA,NA,NA,NA,NA,NA,NA,NA,NA,NA,NA,NA,NA,NA,NA,NA,NA,NA,NA,NA,NA,NA,NA,NA,NA,NA,NA,NA,NA,NA,NA,NA,NA,NA,NA,NA,NA,NA,NA,NA,NA,NA,NA,NA,NA,NA
DE70A,1,2,2,2,3,1,2,3,1,3,1,3,3,2,2,2,1,2,2,2,2,3,1,1,1,2,1,2,1,1,3,2,1,3,1,2,2,1,2,1,2,3,1,1,2,2,3,1,2,2,1,3,3,1,1,1,1,1,1,1,1,1,1,1,3,3,3,2,3,3,3,3,3,3,2,1,3,1,1,1,1,1,1,2,1,2,1,1,1,1,1,2,2,1,1,1,1,2,3,1,1,1,2,1,1,1,1,1,1,1,1,1,1,1,1,1,1,1,2,1,1,1,1,1,NA,NA,NA,NA,NA,1,1,3,3,2,2,2,1,1,1,1,1,1,1,1,1,1,1,1,1,2,1,1,1,1,2,maths
qa99l,4,3,4,3,4,3,4,5,3,5,3,4,4,4,5,4,3,4,4,4,5,5,4,5,4,5,3,5,3,4,5,5,3,4,5,5,4,3,4,4,5,4,4,3,4,5,5,4,4,4,5,5,5,3,3,4,5,4,3,4,4,4,4,4,5,5,5,4,4,4,5,5,5,5,5,5,5,3,4,5,4,4,3,3,2,3,4,2,3,2,3,3,4,4,3,3,4,3,3,4,3,4,4,2,2,2,3,3,2,2,1,1,3,2,1,2,1,2,4,3,2,3,2,3,NA,NA,NA,NA,NA,3,4,3,2,3,4,3,3,2,2,2,3,4,3,3,4,4,2,3,3,4,4,4,3,4,4,maths
DJ82E,2,3,2,2,2,3,2,4,3,4,2,2,4,2,4,2,3,1,5,3,2,5,3,2,3,2,2,3,2,3,4,5,2,3,3,4,2,1,5,3,2,4,2,2,5,4,4,3,3,3,2,5,5,1,2,2,2,2,2,2,2,2,2,2,4,2,5,3,3,4,2,4,5,3,2,2,2,2,2,2,2,2,2,2,3,4,3,3,1,1,3,4,4,2,3,1,1,3,4,1,3,2,1,2,2,2,4,3,2,1,1,1,4,4,1,3,1,1,3,4,1,3,2,1,NA,NA,NA,NA,NA,3,1,NA,1,1,2,3,3,4,3,3,1,2,3,4,4,2,3,2,1,3,4,1,4,3,1,maths
AD27A,5,3,3,3,4,3,3,5,2,5,3,3,5,3,5,3,2,4,3,3,3,3,3,4,4,4,5,4,2,3,4,5,3,5,4,5,3,4,2,3,4,2,4,4,5,3,5,4,5,5,5,5,5,2,4,2,2,4,1,3,3,3,4,4,5,3,5,4,5,5,5,5,4,4,3,2,4,2,3,3,3,4,2,2,3,2,2,2,2,3,3,3,3,3,3,2,4,2,3,3,3,4,2,3,2,2,2,2,2,2,3,2,3,3,3,2,2,3,2,3,3,3,4,2,4,2,1,3,1,NA,NA,NA,NA,NA,2,2,2,2,3,2,2,2,3,2,3,2,2,2,2,2,3,2,3,3,2,stats
22114,3,3,2,3,2,2,3,2,4,4,2,4,3,2,4,2,1,2,2,2,4,3,2,3,3,2,2,2,4,2,3,3,3,2,2,4,4,2,1,2,3,2,1,4,4,3,4,4,4,4,4,3,4,2,4,4,5,3,2,2,4,3,3,4,4,5,4,4,4,4,5,3,5,5,5,5,5,4,3,4,3,4,2,3,4,2,2,3,2,2,3,2,3,3,3,2,1,2,2,2,2,4,2,2,2,2,2,1,2,1,2,2,2,3,3,2,1,1,2,2,2,2,4,2,2,1,4,4,3,NA,NA,NA,NA,NA,3,2,3,2,1,2,2,3,2,2,4,3,2,2,1,2,2,1,2,4,2,stats
NT11A,3,4,2,4,3,4,4,5,4,5,4,4,5,4,5,3,3,3,3,4,5,5,3,4,5,3,4,3,4,4,5,5,1,5,3,5,4,2,4,3,5,5,3,4,5,5,5,4,5,5,5,5,5,2,4,4,4,4,2,3,5,2,5,5,5,5,5,4,5,5,5,5,5,4,4,4,4,2,3,5,3,5,3,2,3,4,4,1,2,3,3,4,2,2,4,1,1,3,2,2,3,3,4,1,1,1,3,1,1,1,1,1,3,1,2,2,1,1,3,1,1,3,1,3,NA,NA,NA,NA,NA,1,1,3,1,2,1,2,2,1,3,1,2,1,4,2,4,3,4,1,2,3,1,1,1,3,3,maths
AD49O,3,3,1,2,2,2,4,5,1,5,4,1,3,4,5,1,2,3,2,2,2,4,2,4,2,1,2,2,2,2,5,5,1,4,4,5,2,3,2,3,2,4,2,3,5,5,5,4,5,5,5,4,4,1,4,4,5,4,1,4,3,4,2,4,5,5,5,4,5,5,5,4,4,5,5,1,5,1,4,3,3,3,3,2,4,4,2,1,2,1,4,3,3,1,4,1,1,3,4,3,4,2,1,1,1,1,1,1,1,2,1,1,1,2,1,2,2,1,1,2,1,1,1,1,4,1,1,3,3,NA,NA,NA,NA,NA,2,3,1,1,1,1,1,1,1,2,3,1,3,1,1,1,3,2,1,1,1,stats
2012r,3,5,1,2,5,5,5,4,5,1,3,4,5,4,5,1,5,5,1,5,1,5,1,5,5,1,4,5,5,5,5,5,4,5,5,5,1,5,4,4,4,5,1,5,5,5,5,4,5,5,2,5,5,1,3,1,3,5,3,3,2,5,2,3,5,2,5,2,4,5,1,5,4,1,1,1,1,1,3,2,1,1,4,1,3,3,2,3,1,1,1,4,3,1,4,1,2,1,4,1,2,2,1,1,1,1,3,1,4,1,1,1,4,3,1,1,1,2,1,4,1,1,2,1,4,1,NA,NA,NA,NA,NA,NA,NA,NA,1,1,1,2,1,2,1,1,1,4,3,1,1,1,3,1,4,1,1,1,1,stats
EJ88E,5,5,5,3,4,2,5,5,1,5,5,1,3,5,5,5,1,2,5,3,5,1,5,1,1,3,1,1,1,2,1,2,1,2,2,1,2,2,2,1,1,1,2,1,1,2,5,1,1,2,1,5,2,1,1,1,1,1,1,1,1,1,1,2,5,3,5,3,5,5,5,5,3,3,2,2,1,1,2,5,2,1,3,4,4,1,4,1,4,1,4,4,4,1,4,4,1,4,4,1,4,4,1,1,4,4,1,4,1,4,1,3,4,4,1,4,4,2,4,4,1,4,4,1,4,2,1,2,4,NA,NA,NA,NA,NA,1,3,1,1,3,1,3,1,1,2,4,1,3,2,1,3,4,1,2,2,1,stats
FD78t,3,3,4,4,2,3,2,4,3,4,1,4,3,2,4,4,1,2,3,4,3,4,3,4,3,4,3,1,3,4,4,3,1,3,3,3,4,4,2,4,3,4,2,3,4,2,4,3,4,3,4,4,3,5,1,1,1,1,5,1,3,2,1,3,4,4,4,4,5,5,5,5,4,4,2,2,2,5,3,3,2,2,2,1,1,2,1,1,1,1,3,2,4,1,3,1,1,1,1,1,3,1,2,1,1,2,2,1,1,1,1,3,2,4,1,3,1,1,1,1,1,3,1,1,4,1,3,2,4,NA,NA,NA,NA,NA,1,1,3,2,1,1,1,1,3,2,3,1,2,1,1,1,1,1,2,1,1,stats
qw,5,5,4,5,4,5,5,5,2,5,5,5,5,4,5,5,3,4,5,5,5,5,5,5,5,4,5,5,5,5,5,5,2,5,5,5,4,4,4,5,3,5,5,5,5,5,5,5,5,5,5,5,5,2,5,5,5,5,2,5,3,5,4,5,5,5,5,5,5,5,5,5,5,5,5,5,5,2,5,5,5,5,3,2,2,2,4,2,2,1,2,3,3,2,3,2,2,3,4,1,3,1,4,2,3,2,3,1,2,2,1,2,1,3,1,2,2,3,2,2,1,1,1,4,3,1,4,4,4,NA,NA,NA,NA,NA,3,4,2,2,2,2,2,2,2,2,4,2,2,3,4,2,3,2,2,1,4,stats
Lj14a,3,4,3,4,3,4,4,4,1,4,2,3,3,3,4,3,1,1,3,3,3,2,3,2,3,4,3,2,4,3,4,4,1,3,2,4,3,1,3,3,3,2,1,2,4,3,2,3,4,4,3,3,3,1,2,2,2,3,1,3,2,1,2,5,4,2,4,4,4,5,4,4,4,5,4,2,4,1,3,3,2,3,2,3,3,3,3,1,2,2,3,3,2,1,3,2,2,4,1,2,3,2,1,1,2,2,3,3,1,2,1,3,2,2,1,3,2,1,3,2,2,3,1,1,4,1,2,4,3,NA,NA,NA,NA,NA,2,2,3,3,3,1,2,1,3,3,3,1,3,2,2,3,2,1,3,1,1,stats
DR69R,4,2,1,2,3,2,2,5,2,4,2,2,2,2,4,1,2,3,2,3,3,2,1,4,3,1,4,3,2,2,4,4,2,2,2,4,1,2,2,3,3,2,2,3,5,4,5,4,4,4,3,4,5,2,3,3,3,3,2,3,3,2,3,3,5,4,5,4,4,4,3,4,5,4,4,4,4,2,2,3,3,4,2,2,3,3,3,4,3,1,4,3,3,4,3,1,1,2,4,3,3,4,1,1,3,3,1,2,1,4,1,2,3,3,2,2,1,1,1,3,1,3,1,1,1,2,1,NA,NA,NA,NA,NA,NA,NA,2,3,4,2,4,2,4,1,2,3,4,2,3,1,1,1,4,4,3,3,1,stats
ND97Y,4,3,2,3,2,3,3,4,1,4,2,4,4,5,5,3,2,3,3,2,3,4,3,5,2,4,4,3,4,5,5,4,1,5,3,4,2,5,4,2,4,5,3,5,3,4,5,4,4,5,5,4,5,3,2,3,4,4,3,5,4,5,3,4,5,5,5,4,4,4,4,5,4,5,4,4,4,3,2,3,4,3,4,4,3,3,3,2,4,2,3,3,4,2,3,4,3,4,4,3,3,4,4,4,4,3,3,3,2,3,1,3,3,4,1,2,4,2,3,4,3,3,4,4,2,2,2,NA,NA,NA,NA,NA,NA,NA,4,3,4,3,4,3,3,3,3,4,4,2,3,4,3,3,4,4,3,3,3,stats
pe46er,3,3,3,3,3,2,3,5,1,5,2,2,2,2,5,3,1,3,4,3,2,3,3,3,3,2,2,2,2,2,4,3,1,3,2,5,2,2,3,2,1,3,2,3,2,2,5,3,5,5,1,4,3,1,2,2,2,2,1,2,2,2,1,3,3,3,5,3,4,5,2,4,2,2,1,1,1,2,2,2,2,1,2,2,4,4,1,1,1,2,2,3,3,3,4,1,2,3,2,2,3,3,2,2,2,1,2,2,1,1,1,1,1,2,1,1,1,2,1,1,1,1,1,1,NA,NA,NA,NA,NA,3,1,2,3,1,1,1,1,2,1,1,1,1,2,1,1,1,1,1,2,1,1,1,1,1,2,maths
